[
{
  "fields": {
    "created": "2014-08-03T00:16:55Z",
    "sent": "2014-08-03T00:16:56Z",
    "email_address": 17,
    "key": "6aae18d30e6775de4d6167caadde06ed3d7397ead0c10f252a8b5e958c324e84"
  },
  "model": "account.emailconfirmation",
  "pk": 17
},
{
  "fields": {
    "created": "2014-08-25T19:21:11Z",
    "sent": "2014-08-25T19:21:11Z",
    "email_address": 23,
    "key": "wzjbcqoyu43ayj0kwhmmoo96fsg5jcligv9t9oca3fxs7iwun9wgprfkzt3y2lll"
  },
  "model": "account.emailconfirmation",
  "pk": 26
},
{
  "fields": {
    "created": "2014-08-25T19:35:20Z",
    "sent": "2014-08-25T19:35:20Z",
    "email_address": 25,
    "key": "v08namzbva081h1e2ee3aotyfpwvy65gpx9ravtsr4kuqp23um6oke8gf8cv6v2l"
  },
  "model": "account.emailconfirmation",
  "pk": 28
},
{
  "fields": {
    "created": "2014-08-25T20:43:34Z",
    "sent": "2014-08-25T20:43:34Z",
    "email_address": 26,
    "key": "ufbhfnusnos8dxkireozcgpqrmbabac4lusksyu5g7senfmdemwzrppmoitybj4e"
  },
  "model": "account.emailconfirmation",
  "pk": 29
},
{
  "fields": {
    "created": "2014-08-27T04:12:05Z",
    "sent": "2014-08-27T04:12:06Z",
    "email_address": 27,
    "key": "cbwgetvwk3s4tfj4wjhxgqqxqkihccdbswf7zyhw7cuybozij6a2sp8bkck3y13n"
  },
  "model": "account.emailconfirmation",
  "pk": 30
},
{
  "fields": {
    "created": "2014-08-28T05:16:39Z",
    "sent": "2014-08-28T05:16:40Z",
    "email_address": 28,
    "key": "p9n2sfrbcfhivte99pgup3jtpakudjbwq6ca1b5bzpghs2fxeawykgluopzsxwb7"
  },
  "model": "account.emailconfirmation",
  "pk": 31
},
{
  "fields": {
    "created": "2014-08-29T01:33:09Z",
    "sent": "2014-08-29T01:33:09Z",
    "email_address": 30,
    "key": "q9uzftiqeulij288bnqsiivjpvnl6b6wedbwozyh4txuzpugib1x1vzkkglky3ct"
  },
  "model": "account.emailconfirmation",
  "pk": 33
},
{
  "fields": {
    "created": "2014-08-29T01:55:43Z",
    "sent": "2014-08-29T01:55:43Z",
    "email_address": 31,
    "key": "lbg1fgfamguhtldjwge51gbgnwkqe51g2bud9fdljf15lo4drewic1mhnvmw5yhj"
  },
  "model": "account.emailconfirmation",
  "pk": 34
},
{
  "fields": {
    "created": "2014-08-29T02:07:32Z",
    "sent": "2014-08-29T02:07:32Z",
    "email_address": 32,
    "key": "vtukigusvbfh7vmnhs23m1422rfsks3p1kd8rnbmnb384ze352av4agrh2lxafwo"
  },
  "model": "account.emailconfirmation",
  "pk": 35
},
{
  "fields": {
    "created": "2014-08-29T23:03:09Z",
    "sent": "2014-08-29T23:03:09Z",
    "email_address": 25,
    "key": "ipm9ub2hd3e1xgwui7zwz9irotm4woy3fqf2x1vt8lpdxzzw7s7z7ogzzdiarocs"
  },
  "model": "account.emailconfirmation",
  "pk": 42
},
{
  "fields": {
    "created": "2014-08-29T23:03:20Z",
    "sent": "2014-08-29T23:03:20Z",
    "email_address": 25,
    "key": "ctytrumet1jzkmfw3xvex5mrh4ydqqedfenpbvx3igkhhcaw5pffanqkyl0yd7eo"
  },
  "model": "account.emailconfirmation",
  "pk": 43
},
{
  "fields": {
    "created": "2014-09-07T06:38:40Z",
    "sent": "2014-09-07T06:38:40Z",
    "email_address": 37,
    "key": "merpgwjdzkobvxqlaj5tzptrbjfrkqf2rcacj2ajpj3ll88yz8v41e2uxxbbefpq"
  },
  "model": "account.emailconfirmation",
  "pk": 48
},
{
  "fields": {
    "created": "2014-09-07T06:47:50Z",
    "sent": "2014-09-07T06:47:50Z",
    "email_address": 39,
    "key": "hmjjdhpugjvshxmgdo8w9uu8kjhdoau1xkinmo0uagmxeyaopdi7xorfwfe4m8df"
  },
  "model": "account.emailconfirmation",
  "pk": 50
},
{
  "fields": {
    "created": "2014-09-08T20:53:56Z",
    "sent": "2014-09-08T20:53:57Z",
    "email_address": 40,
    "key": "xb2elqeonvsnmkm112eyxwh2no43qbdcg0kbbinoemckl1urshw2jggqzhccwf2u"
  },
  "model": "account.emailconfirmation",
  "pk": 51
},
{
  "fields": {
    "created": "2014-09-09T02:52:22Z",
    "sent": "2014-09-09T02:52:22Z",
    "email_address": 41,
    "key": "rkrzabv6jkkbsghchop8bteudzme3vmt8a57battiixbqz1yav72shcxmtrgtzag"
  },
  "model": "account.emailconfirmation",
  "pk": 52
},
{
  "fields": {
    "created": "2014-09-26T00:28:13Z",
    "sent": "2014-09-26T00:28:13Z",
    "email_address": 30,
    "key": "lc8uohxuq2e1qbz0sza0jxdhnhs9jkdrtx2vr5mqrv11dwygzlyq5oapajymggbw"
  },
  "model": "account.emailconfirmation",
  "pk": 53
},
{
  "fields": {
    "created": "2014-10-24T05:35:36.962Z",
    "sent": "2014-10-24T05:35:37.083Z",
    "email_address": 42,
    "key": "bw7lsdtlmo6qcohwcf2b8f5lgre5ss9xr4fpyfjjp7avfxaag0uhvviwo5inrd5d"
  },
  "model": "account.emailconfirmation",
  "pk": 54
},
{
  "fields": {
    "created": "2014-10-27T05:39:21.869Z",
    "sent": "2014-10-27T05:39:21.929Z",
    "email_address": 43,
    "key": "r19t06u0asmeiid0clyabvllcitoqd8ivery2voomd2g73gsdfrhbwhizglhitkt"
  },
  "model": "account.emailconfirmation",
  "pk": 55
},
{
  "fields": {
    "created": "2014-10-30T14:18:30.244Z",
    "sent": "2014-10-30T14:18:30.323Z",
    "email_address": 45,
    "key": "ov0wodtp0ujenkbrbegsupqjwpwqyshozmsaj8rwmxmi11x50qssho2qivbdfsvx"
  },
  "model": "account.emailconfirmation",
  "pk": 57
},
{
  "fields": {
    "created": "2014-10-30T14:22:36.575Z",
    "sent": "2014-10-30T14:22:36.649Z",
    "email_address": 45,
    "key": "rsglgyuhjxtayzpoip897imyxdwknh3yung1xztz6c18c6hgzdwsv6rgacidjyay"
  },
  "model": "account.emailconfirmation",
  "pk": 58
},
{
  "fields": {
    "created": "2014-10-30T14:26:13.104Z",
    "sent": "2014-10-30T14:26:13.174Z",
    "email_address": 45,
    "key": "dhbby2ss5hvgykfvridnn7cftwtva4gixwc1ml4whkugc93bovkft8kyrcikaa2b"
  },
  "model": "account.emailconfirmation",
  "pk": 59
},
{
  "fields": {
    "created": "2014-11-01T09:25:37.154Z",
    "sent": "2014-11-01T09:25:37.216Z",
    "email_address": 51,
    "key": "7jdyxyc3aa5aystd7q5wbwcyccotjkgd7auir0tysy2ypi8iofncif3h3il898xe"
  },
  "model": "account.emailconfirmation",
  "pk": 65
},
{
  "fields": {
    "created": "2014-11-01T11:52:49.650Z",
    "sent": "2014-11-01T11:52:49.932Z",
    "email_address": 51,
    "key": "4ttnb6b875nhrcrfsf4i326xwoczzi1ivde5njuv1tqq74uil9pywyyyewwvctul"
  },
  "model": "account.emailconfirmation",
  "pk": 66
},
{
  "fields": {
    "created": "2014-11-01T11:56:24.833Z",
    "sent": "2014-11-01T11:56:24.915Z",
    "email_address": 51,
    "key": "yetcdfs2dj2llvi0cjeakmakddwamdlga3ahbvmrqnlbtmjtsqlcoldijyeahja8"
  },
  "model": "account.emailconfirmation",
  "pk": 67
},
{
  "fields": {
    "created": "2014-11-01T14:03:07.166Z",
    "sent": "2014-11-01T14:03:07.234Z",
    "email_address": 51,
    "key": "anb5jpqfq8n34hsfwj95auef51h76z5ttx673rsukgqi6zzfsf9d4sxpbubfcihn"
  },
  "model": "account.emailconfirmation",
  "pk": 68
},
{
  "fields": {
    "created": "2014-11-01T18:50:30.256Z",
    "sent": "2014-11-01T18:50:30.320Z",
    "email_address": 53,
    "key": "xsdtub1td1vzwbi1vjehgbrwpe5n6tgk1jgyli2rhic99pm3d6vhdzftxaugklix"
  },
  "model": "account.emailconfirmation",
  "pk": 70
},
{
  "fields": {
    "created": "2014-11-02T03:49:43.175Z",
    "sent": "2014-11-02T03:49:43.244Z",
    "email_address": 56,
    "key": "oak0xxrr4bpevqv5zkjigrfdmcn4ktxgguo2h5gqdzmzlcrohfzfpkvg3gkztcio"
  },
  "model": "account.emailconfirmation",
  "pk": 73
},
{
  "fields": {
    "created": "2014-11-02T03:49:44.774Z",
    "sent": "2014-11-02T03:49:44.794Z",
    "email_address": 57,
    "key": "pqvet9aqkulupbmyme2hbu6vrebbyqfpaeuw1qreprmluizftqdt3kb8rrb3z0fn"
  },
  "model": "account.emailconfirmation",
  "pk": 74
},
{
  "fields": {
    "created": "2014-11-09T05:27:16.462Z",
    "sent": "2014-11-09T05:27:16.564Z",
    "email_address": 59,
    "key": "9vap6yo8jmprdq00z7radvo3bqgg0bqbkfkgvogn8trklxnpl7j2hggi2szkt2zm"
  },
  "model": "account.emailconfirmation",
  "pk": 76
},
{
  "fields": {
    "created": "2014-11-09T06:30:57.264Z",
    "sent": "2014-11-09T06:30:57.405Z",
    "email_address": 59,
    "key": "swa0n89q0pz3tjght7a6t0rpilpsg7ulg8usiht8f54kf2iinx9n1s7imvbpcz3n"
  },
  "model": "account.emailconfirmation",
  "pk": 77
},
{
  "fields": {
    "created": "2014-11-09T06:49:11.147Z",
    "sent": "2014-11-09T06:49:11.219Z",
    "email_address": 61,
    "key": "ytbtwwfuz4vnmsa97e7jsc6lloil6kjfzqylkbv5wz4jmke3r8u9fnuvemecgq1l"
  },
  "model": "account.emailconfirmation",
  "pk": 79
},
{
  "fields": {
    "created": "2014-11-12T07:35:13.435Z",
    "sent": "2014-11-12T07:35:13.500Z",
    "email_address": 63,
    "key": "bkdpuspb03fmgmkaaltzkxhuntuessxhtc1lkqszw5zrphjnvfuevbovmgv7mgu0"
  },
  "model": "account.emailconfirmation",
  "pk": 81
},
{
  "fields": {
    "created": "2015-02-09T02:49:19.897Z",
    "sent": "2015-02-09T02:49:19.985Z",
    "email_address": 64,
    "key": "16qmggffvovuj14ntljpcxy97m8m5ck1eub7nwkvpdofd067yf7gvxowgxrsk1du"
  },
  "model": "account.emailconfirmation",
  "pk": 82
},
{
  "fields": {
    "created": "2015-02-09T02:59:07.716Z",
    "sent": "2015-02-09T02:59:07.725Z",
    "email_address": 65,
    "key": "fvlapfkwsoicmfha01tma5po7rgulimsuygagqiyoptazihotvd0dwtjibyfshfu"
  },
  "model": "account.emailconfirmation",
  "pk": 83
},
{
  "fields": {
    "created": "2015-02-09T09:46:00.804Z",
    "sent": "2015-02-09T09:46:00.888Z",
    "email_address": 66,
    "key": "ddgvmzkorfibofrelefb4x8xl59h71pujzpajztfy0cmoe7u3rm47vn99sucrcrp"
  },
  "model": "account.emailconfirmation",
  "pk": 84
},
{
  "fields": {
    "created": "2015-02-09T09:56:26.466Z",
    "sent": "2015-02-09T09:56:26.523Z",
    "email_address": 67,
    "key": "k0esiu41s2wzoh8okf9occpllrwv3ljk8zcqqzefyo9gy9lehdfeclst3mth12nj"
  },
  "model": "account.emailconfirmation",
  "pk": 85
},
{
  "fields": {
    "created": "2015-02-10T15:26:47.090Z",
    "sent": "2015-02-10T15:26:47.143Z",
    "email_address": 67,
    "key": "tqxmprvvfidrdhfdfc0omwuexwhizfhxpeabarcresoap5ircgwronmno0edqbzb"
  },
  "model": "account.emailconfirmation",
  "pk": 86
},
{
  "fields": {
    "created": "2015-02-10T15:37:02.906Z",
    "sent": "2015-02-10T15:37:02.952Z",
    "email_address": 67,
    "key": "na3dqhdljuqdiuc3mwvstom5nharwdq6krb2i05h77kejckbsajcjmb7wkacijcl"
  },
  "model": "account.emailconfirmation",
  "pk": 87
},
{
  "fields": {
    "created": "2015-02-23T20:04:04.246Z",
    "sent": "2015-02-23T20:04:04.606Z",
    "email_address": 68,
    "key": "lz08y3vxdzixvddgjsc3x9rib1eufjgyzenacgemt1vughpuip6nwz7armkhrdgj"
  },
  "model": "account.emailconfirmation",
  "pk": 88
},
{
  "fields": {
    "created": "2015-02-23T20:07:55.434Z",
    "sent": "2015-02-23T20:07:55.482Z",
    "email_address": 68,
    "key": "jhs1ngfaap4o2zl55pltdeyixzjtcqujmzwcgmg8qlyjyakziui4t3fhqy7r0ihz"
  },
  "model": "account.emailconfirmation",
  "pk": 89
},
{
  "fields": {
    "created": "2015-02-23T20:13:02.361Z",
    "sent": "2015-02-23T20:13:02.419Z",
    "email_address": 68,
    "key": "hnf2h2z3jlluzizfzr5cpmikxivtmvukbeznvi7hsyktkunbtayxmsrymyklpaus"
  },
  "model": "account.emailconfirmation",
  "pk": 90
},
{
  "fields": {
    "permissions": [],
    "name": "Agent"
  },
  "model": "auth.group",
  "pk": 1
},
{
  "fields": {
    "permissions": [],
    "name": "Customer"
  },
  "model": "auth.group",
  "pk": 2
},
{
  "fields": {
    "permissions": [],
    "name": "Internal"
  },
  "model": "auth.group",
  "pk": 3
},
{
  "fields": {
    "last_name": "",
    "groups": [],
    "is_active": true,
    "date_joined": "2014-07-24T00:57:59Z",
    "is_superuser": true,
    "email": "jackpeng@gmail.com",
    "username": "jack",
    "user_permissions": [],
    "first_name": "",
    "password": "pbkdf2_sha256$12000$Al9QAOyb3j10$b8gGysWBGDC1JzNj4XNHQD2UHZ9rNGw5ur/6rhsdQ/k=",
    "last_login": "2015-02-11T03:21:39.060Z",
    "is_staff": true
  },
  "model": "auth.user",
  "pk": 1
},
{
  "fields": {
    "last_name": "",
    "groups": [],
    "is_active": true,
    "date_joined": "2014-07-24T04:00:55Z",
    "is_superuser": true,
    "email": "haidaiban@haidaibao.com",
    "username": "haidaiban",
    "user_permissions": [],
    "first_name": "",
    "password": "pbkdf2_sha256$12000$Al9QAOyb3j10$b8gGysWBGDC1JzNj4XNHQD2UHZ9rNGw5ur/6rhsdQ/k=",
    "last_login": "2015-02-24T04:35:58.147Z",
    "is_staff": true
  },
  "model": "auth.user",
  "pk": 2
},
{
  "fields": {
    "last_name": "xu",
    "groups": [
      2
    ],
    "is_active": true,
    "date_joined": "2014-08-25T19:35:20Z",
    "is_superuser": false,
    "email": "redheart.xu@gmail.com",
    "username": "hongtao",
    "user_permissions": [],
    "first_name": "hongtao",
    "password": "pbkdf2_sha256$12000$Al9QAOyb3j10$b8gGysWBGDC1JzNj4XNHQD2UHZ9rNGw5ur/6rhsdQ/k=",
    "last_login": "2015-02-24T01:39:22.434Z",
    "is_staff": false
  },
  "model": "auth.user",
  "pk": 25
},
{
  "fields": {
    "last_name": "",
    "groups": [
      2
    ],
    "is_active": true,
    "date_joined": "2014-08-25T20:43:33Z",
    "is_superuser": false,
    "email": "cicy0703@hotmail.com",
    "username": "cicy0703",
    "user_permissions": [],
    "first_name": "",
    "password": "pbkdf2_sha256$12000$Al9QAOyb3j10$b8gGysWBGDC1JzNj4XNHQD2UHZ9rNGw5ur/6rhsdQ/k=",
    "last_login": "2015-02-20T06:30:07.730Z",
    "is_staff": false
  },
  "model": "auth.user",
  "pk": 26
},
{
  "fields": {
    "last_name": "",
    "groups": [
      2
    ],
    "is_active": true,
    "date_joined": "2014-08-27T04:12:05Z",
    "is_superuser": false,
    "email": "jackpeng+jjjjj@gmail.com",
    "username": "jjjjjj",
    "user_permissions": [],
    "first_name": "",
    "password": "pbkdf2_sha256$12000$Al9QAOyb3j10$b8gGysWBGDC1JzNj4XNHQD2UHZ9rNGw5ur/6rhsdQ/k=",
    "last_login": "2015-02-19T08:31:15.647Z",
    "is_staff": false
  },
  "model": "auth.user",
  "pk": 27
},
{
  "fields": {
    "last_name": "",
    "groups": [
      2
    ],
    "is_active": true,
    "date_joined": "2014-08-28T05:16:39Z",
    "is_superuser": false,
    "email": "dollychan1988@gmail.com",
    "username": "Dolly",
    "user_permissions": [],
    "first_name": "",
    "password": "pbkdf2_sha256$12000$Al9QAOyb3j10$b8gGysWBGDC1JzNj4XNHQD2UHZ9rNGw5ur/6rhsdQ/k=",
    "last_login": "2015-02-20T16:02:45.995Z",
    "is_staff": false
  },
  "model": "auth.user",
  "pk": 28
},
{
  "fields": {
    "last_name": "",
    "groups": [
      2
    ],
    "is_active": true,
    "date_joined": "2014-08-29T01:33:09Z",
    "is_superuser": false,
    "email": "jackpeng+j33@gmail.com",
    "username": "j33",
    "user_permissions": [],
    "first_name": "",
    "password": "pbkdf2_sha256$12000$Al9QAOyb3j10$b8gGysWBGDC1JzNj4XNHQD2UHZ9rNGw5ur/6rhsdQ/k=",
    "last_login": "2014-08-29T01:33:09Z",
    "is_staff": false
  },
  "model": "auth.user",
  "pk": 30
},
{
  "fields": {
    "last_name": "",
    "groups": [
      2
    ],
    "is_active": true,
    "date_joined": "2014-08-29T01:55:43Z",
    "is_superuser": false,
    "email": "jackpeng+j34@gmail.com",
    "username": "j34",
    "user_permissions": [],
    "first_name": "",
    "password": "pbkdf2_sha256$12000$Al9QAOyb3j10$b8gGysWBGDC1JzNj4XNHQD2UHZ9rNGw5ur/6rhsdQ/k=",
    "last_login": "2014-08-29T01:55:43Z",
    "is_staff": false
  },
  "model": "auth.user",
  "pk": 31
},
{
  "fields": {
    "last_name": "",
    "groups": [
      2
    ],
    "is_active": true,
    "date_joined": "2014-08-29T02:07:32Z",
    "is_superuser": false,
    "email": "jkpeng@yahoo.com",
    "username": "j35",
    "user_permissions": [],
    "first_name": "",
    "password": "pbkdf2_sha256$12000$Al9QAOyb3j10$b8gGysWBGDC1JzNj4XNHQD2UHZ9rNGw5ur/6rhsdQ/k=",
    "last_login": "2014-08-29T02:07:32Z",
    "is_staff": false
  },
  "model": "auth.user",
  "pk": 32
},
{
  "fields": {
    "last_name": "xu",
    "groups": [
      1
    ],
    "is_active": true,
    "date_joined": "2014-09-03T07:40:30Z",
    "is_superuser": false,
    "email": "redheartht@yahoo.com",
    "username": "redheart",
    "user_permissions": [],
    "first_name": "hongtao",
    "password": "pbkdf2_sha256$12000$Al9QAOyb3j10$b8gGysWBGDC1JzNj4XNHQD2UHZ9rNGw5ur/6rhsdQ/k=",
    "last_login": "2015-02-20T05:32:12.491Z",
    "is_staff": false
  },
  "model": "auth.user",
  "pk": 35
},
{
  "fields": {
    "last_name": "",
    "groups": [
      1
    ],
    "is_active": true,
    "date_joined": "2014-09-08T20:53:56Z",
    "is_superuser": false,
    "email": "56357073@gmail.com",
    "username": "Duoli",
    "user_permissions": [],
    "first_name": "",
    "password": "pbkdf2_sha256$12000$Al9QAOyb3j10$b8gGysWBGDC1JzNj4XNHQD2UHZ9rNGw5ur/6rhsdQ/k=",
    "last_login": "2014-09-08T20:53:56Z",
    "is_staff": false
  },
  "model": "auth.user",
  "pk": 36
},
{
  "fields": {
    "last_name": "\u9648",
    "groups": [
      1
    ],
    "is_active": true,
    "date_joined": "2014-09-09T02:52:22Z",
    "is_superuser": false,
    "email": "56357073@qq.com",
    "username": "Dollyduoli",
    "user_permissions": [],
    "first_name": "\u591a\u4fd0",
    "password": "pbkdf2_sha256$12000$Al9QAOyb3j10$b8gGysWBGDC1JzNj4XNHQD2UHZ9rNGw5ur/6rhsdQ/k=",
    "last_login": "2015-01-24T04:06:57.103Z",
    "is_staff": false
  },
  "model": "auth.user",
  "pk": 37
},
{
  "fields": {
    "last_name": "",
    "groups": [
      2
    ],
    "is_active": true,
    "date_joined": "2014-10-24T05:35:36.803Z",
    "is_superuser": false,
    "email": "jackpeng+customer1@gmail.com",
    "username": "customer1",
    "user_permissions": [],
    "first_name": "",
    "password": "pbkdf2_sha256$12000$Al9QAOyb3j10$b8gGysWBGDC1JzNj4XNHQD2UHZ9rNGw5ur/6rhsdQ/k=",
    "last_login": "2014-10-24T05:41:12.666Z",
    "is_staff": false
  },
  "model": "auth.user",
  "pk": 38
},
{
  "fields": {
    "last_name": "",
    "groups": [
      2
    ],
    "is_active": true,
    "date_joined": "2014-10-27T05:39:21.765Z",
    "is_superuser": false,
    "email": "ff@bristep.com",
    "username": "ff",
    "user_permissions": [],
    "first_name": "",
    "password": "pbkdf2_sha256$12000$Al9QAOyb3j10$b8gGysWBGDC1JzNj4XNHQD2UHZ9rNGw5ur/6rhsdQ/k=",
    "last_login": "2015-02-12T08:07:46.867Z",
    "is_staff": false
  },
  "model": "auth.user",
  "pk": 39
},
{
  "fields": {
    "last_name": "",
    "groups": [
      2
    ],
    "is_active": true,
    "date_joined": "2014-10-30T14:18:30.131Z",
    "is_superuser": false,
    "email": "qinling912@sina.com",
    "username": "\u756a\u8304\u7092\u86cb",
    "user_permissions": [],
    "first_name": "",
    "password": "pbkdf2_sha256$12000$Al9QAOyb3j10$b8gGysWBGDC1JzNj4XNHQD2UHZ9rNGw5ur/6rhsdQ/k=",
    "last_login": "2014-11-01T15:49:20.621Z",
    "is_staff": false
  },
  "model": "auth.user",
  "pk": 41
},
{
  "fields": {
    "last_name": "",
    "groups": [
      2
    ],
    "is_active": true,
    "date_joined": "2014-11-01T09:25:37.041Z",
    "is_superuser": false,
    "email": "116897430@qq.com",
    "username": "\u8292\u679c\u7ef5\u7ef5\u51b0",
    "user_permissions": [],
    "first_name": "",
    "password": "pbkdf2_sha256$12000$Al9QAOyb3j10$b8gGysWBGDC1JzNj4XNHQD2UHZ9rNGw5ur/6rhsdQ/k=",
    "last_login": "2015-01-23T05:38:40.253Z",
    "is_staff": false
  },
  "model": "auth.user",
  "pk": 47
},
{
  "fields": {
    "last_name": "\u9648",
    "groups": [
      1,
      3
    ],
    "is_active": true,
    "date_joined": "2014-11-01T18:50:30Z",
    "is_superuser": false,
    "email": "tianye0112@gmail.com",
    "username": "\u5c0fD",
    "user_permissions": [],
    "first_name": "\u591a\u4fd0",
    "password": "pbkdf2_sha256$12000$Al9QAOyb3j10$b8gGysWBGDC1JzNj4XNHQD2UHZ9rNGw5ur/6rhsdQ/k=",
    "last_login": "2015-01-02T05:41:43.305Z",
    "is_staff": false
  },
  "model": "auth.user",
  "pk": 49
},
{
  "fields": {
    "last_name": "",
    "groups": [
      2
    ],
    "is_active": true,
    "date_joined": "2014-11-02T03:49:43.069Z",
    "is_superuser": false,
    "email": "qinling912@hotmail.com",
    "username": "\u996d\u56e2",
    "user_permissions": [],
    "first_name": "",
    "password": "pbkdf2_sha256$12000$Al9QAOyb3j10$b8gGysWBGDC1JzNj4XNHQD2UHZ9rNGw5ur/6rhsdQ/k=",
    "last_login": "2014-11-02T11:12:28.183Z",
    "is_staff": false
  },
  "model": "auth.user",
  "pk": 52
},
{
  "fields": {
    "last_name": "guo",
    "groups": [
      1,
      3
    ],
    "is_active": true,
    "date_joined": "2014-11-02T03:49:44Z",
    "is_superuser": false,
    "email": "seaweedhome@gmail.com",
    "username": "\u6d77\u8349",
    "user_permissions": [],
    "first_name": "xi",
    "password": "pbkdf2_sha256$12000$Al9QAOyb3j10$b8gGysWBGDC1JzNj4XNHQD2UHZ9rNGw5ur/6rhsdQ/k=",
    "last_login": "2015-02-23T01:19:03.149Z",
    "is_staff": false
  },
  "model": "auth.user",
  "pk": 53
},
{
  "fields": {
    "last_name": "\u79e6",
    "groups": [
      1
    ],
    "is_active": true,
    "date_joined": "2014-11-09T05:27:16.346Z",
    "is_superuser": false,
    "email": "115253906@qq.com",
    "username": "\u82ad\u4e50",
    "user_permissions": [],
    "first_name": "\u73b2",
    "password": "pbkdf2_sha256$12000$Al9QAOyb3j10$b8gGysWBGDC1JzNj4XNHQD2UHZ9rNGw5ur/6rhsdQ/k=",
    "last_login": "2014-12-17T14:55:56.959Z",
    "is_staff": false
  },
  "model": "auth.user",
  "pk": 55
},
{
  "fields": {
    "last_name": "",
    "groups": [
      1
    ],
    "is_active": true,
    "date_joined": "2014-11-09T06:49:11.036Z",
    "is_superuser": false,
    "email": "2814031737@qq.com",
    "username": "\u7ea2\u6843\u8001\u5927",
    "user_permissions": [],
    "first_name": "",
    "password": "pbkdf2_sha256$12000$Al9QAOyb3j10$b8gGysWBGDC1JzNj4XNHQD2UHZ9rNGw5ur/6rhsdQ/k=",
    "last_login": "2015-02-06T01:11:25.357Z",
    "is_staff": false
  },
  "model": "auth.user",
  "pk": 57
},
{
  "fields": {
    "last_name": "\u8bb8",
    "groups": [
      1
    ],
    "is_active": true,
    "date_joined": "2014-11-12T07:35:13.323Z",
    "is_superuser": false,
    "email": "codable@sina.com",
    "username": "codable",
    "user_permissions": [],
    "first_name": "\u4e9a\u5803",
    "password": "pbkdf2_sha256$12000$Al9QAOyb3j10$b8gGysWBGDC1JzNj4XNHQD2UHZ9rNGw5ur/6rhsdQ/k=",
    "last_login": "2015-02-11T16:39:35.937Z",
    "is_staff": false
  },
  "model": "auth.user",
  "pk": 59
},
{
  "fields": {
    "last_name": "",
    "groups": [
      2
    ],
    "is_active": true,
    "date_joined": "2015-02-09T02:49:19.655Z",
    "is_superuser": false,
    "email": "guxinkanwairen@163.com",
    "username": "strawberry",
    "user_permissions": [],
    "first_name": "",
    "password": "pbkdf2_sha256$12000$Al9QAOyb3j10$b8gGysWBGDC1JzNj4XNHQD2UHZ9rNGw5ur/6rhsdQ/k=",
    "last_login": "2015-02-18T03:38:53.761Z",
    "is_staff": false
  },
  "model": "auth.user",
  "pk": 60
},
{
  "fields": {
    "last_name": "\u6bdb",
    "groups": [
      1
    ],
    "is_active": true,
    "date_joined": "2015-02-09T02:59:07.630Z",
    "is_superuser": false,
    "email": "1263259885@qq.com",
    "username": "\u5b64\u5fc3\u69db\u5916\u4eba",
    "user_permissions": [],
    "first_name": "\u68a6\u742a",
    "password": "pbkdf2_sha256$12000$Al9QAOyb3j10$b8gGysWBGDC1JzNj4XNHQD2UHZ9rNGw5ur/6rhsdQ/k=",
    "last_login": "2015-02-14T07:21:04.507Z",
    "is_staff": false
  },
  "model": "auth.user",
  "pk": 61
},
{
  "fields": {
    "last_name": "",
    "groups": [
      2
    ],
    "is_active": true,
    "date_joined": "2015-02-09T09:46:00.691Z",
    "is_superuser": false,
    "email": "jackpeng+c1@gmail.com",
    "username": "c1",
    "user_permissions": [],
    "first_name": "",
    "password": "pbkdf2_sha256$12000$Al9QAOyb3j10$b8gGysWBGDC1JzNj4XNHQD2UHZ9rNGw5ur/6rhsdQ/k=",
    "last_login": "2015-02-09T09:52:58.678Z",
    "is_staff": false
  },
  "model": "auth.user",
  "pk": 62
},
{
  "fields": {
    "last_name": "",
    "groups": [
      2
    ],
    "is_active": true,
    "date_joined": "2015-02-09T09:56:26.354Z",
    "is_superuser": false,
    "email": "jackpeng+c2@gmail.com",
    "username": "c2",
    "user_permissions": [],
    "first_name": "",
    "password": "pbkdf2_sha256$12000$Al9QAOyb3j10$b8gGysWBGDC1JzNj4XNHQD2UHZ9rNGw5ur/6rhsdQ/k=",
    "last_login": "2015-02-12T04:56:02.758Z",
    "is_staff": false
  },
  "model": "auth.user",
  "pk": 63
},
{
  "fields": {
    "last_name": "",
    "groups": [
      2
    ],
    "is_active": true,
    "date_joined": "2015-02-23T20:04:04.152Z",
    "is_superuser": false,
    "email": "shifangliu@hotmail.com",
    "username": "shifangliu",
    "user_permissions": [],
    "first_name": "",
    "password": "pbkdf2_sha256$12000$Al9QAOyb3j10$b8gGysWBGDC1JzNj4XNHQD2UHZ9rNGw5ur/6rhsdQ/k=",
    "last_login": "2015-02-23T20:04:04.152Z",
    "is_staff": false
  },
  "model": "auth.user",
  "pk": 64
},
{
  "fields": {
    "name": "\u4e2d\u56fd"
  },
  "model": "user.country",
  "pk": 1
},
{
  "fields": {
    "name": "USA"
  },
  "model": "user.country",
  "pk": 2
},
{
  "fields": {
    "name": "Canada"
  },
  "model": "user.country",
  "pk": 3
},
{
  "fields": {
    "name": "Japan"
  },
  "model": "user.country",
  "pk": 4
},
{
  "fields": {
    "name": "Korea"
  },
  "model": "user.country",
  "pk": 5
},
{
  "fields": {
    "name": "Australia"
  },
  "model": "user.country",
  "pk": 6
},
{
  "fields": {
    "name": "New Zealand"
  },
  "model": "user.country",
  "pk": 7
},
{
  "fields": {
    "name": "England"
  },
  "model": "user.country",
  "pk": 8
},
{
  "fields": {
    "name": "Italy"
  },
  "model": "user.country",
  "pk": 9
},
{
  "fields": {
    "name": "France"
  },
  "model": "user.country",
  "pk": 10
},
{
  "fields": {
    "name": "Germany"
  },
  "model": "user.country",
  "pk": 11
},
{
  "fields": {
    "name": "Czech"
  },
  "model": "user.country",
  "pk": 12
},
{
  "fields": {
    "name": "Austria"
  },
  "model": "user.country",
  "pk": 13
},
{
  "fields": {
    "name": "Belgium"
  },
  "model": "user.country",
  "pk": 14
},
{
  "fields": {
    "name": "Denmark"
  },
  "model": "user.country",
  "pk": 15
},
{
  "fields": {
    "name": "Finland"
  },
  "model": "user.country",
  "pk": 16
},
{
  "fields": {
    "name": "Greece"
  },
  "model": "user.country",
  "pk": 17
},
{
  "fields": {
    "name": "Holland"
  },
  "model": "user.country",
  "pk": 18
},
{
  "fields": {
    "name": "Hungary"
  },
  "model": "user.country",
  "pk": 19
},
{
  "fields": {
    "name": "Norway"
  },
  "model": "user.country",
  "pk": 20
},
{
  "fields": {
    "name": "Poland"
  },
  "model": "user.country",
  "pk": 21
},
{
  "fields": {
    "name": "Portugal"
  },
  "model": "user.country",
  "pk": 22
},
{
  "fields": {
    "name": "Russia"
  },
  "model": "user.country",
  "pk": 23
},
{
  "fields": {
    "name": "Spain"
  },
  "model": "user.country",
  "pk": 24
},
{
  "fields": {
    "name": "Sweden"
  },
  "model": "user.country",
  "pk": 25
},
{
  "fields": {
    "name": "Ukraine"
  },
  "model": "user.country",
  "pk": 26
},
{
  "fields": {
    "name": "Schweizerische"
  },
  "model": "user.country",
  "pk": 27
},
{
  "fields": {
    "name": "Thailand"
  },
  "model": "user.country",
  "pk": 28
},
{
  "fields": {
    "name": "Singapore"
  },
  "model": "user.country",
  "pk": 29
},
{
  "fields": {
    "name": "Arab"
  },
  "model": "user.country",
  "pk": 30
},
{
  "fields": {
    "country": 21,
    "name": "wojew\u00f3dztwo wielkopolskie"
  },
  "model": "user.state",
  "pk": 1
},
{
  "fields": {
    "country": 21,
    "name": "wojew\u00f3dztwo kujawsko-pomorskie"
  },
  "model": "user.state",
  "pk": 2
},
{
  "fields": {
    "country": 21,
    "name": "wojew\u00f3dztwo ma\u0142opolskie"
  },
  "model": "user.state",
  "pk": 3
},
{
  "fields": {
    "country": 21,
    "name": "wojew\u00f3dztwo \u0142\u00f3dzkie"
  },
  "model": "user.state",
  "pk": 4
},
{
  "fields": {
    "country": 21,
    "name": "wojew\u00f3dztwo dolno\u015bl\u0105skie"
  },
  "model": "user.state",
  "pk": 5
},
{
  "fields": {
    "country": 21,
    "name": "wojew\u00f3dztwo lubelskie"
  },
  "model": "user.state",
  "pk": 6
},
{
  "fields": {
    "country": 21,
    "name": "wojew\u00f3dztwo lubuskie"
  },
  "model": "user.state",
  "pk": 7
},
{
  "fields": {
    "country": 21,
    "name": "wojew\u00f3dztwo mazowieckie"
  },
  "model": "user.state",
  "pk": 8
},
{
  "fields": {
    "country": 21,
    "name": "wojew\u00f3dztwo opolskie"
  },
  "model": "user.state",
  "pk": 9
},
{
  "fields": {
    "country": 21,
    "name": "wojew\u00f3dztwo podlaskie"
  },
  "model": "user.state",
  "pk": 10
},
{
  "fields": {
    "country": 21,
    "name": "wojew\u00f3dztwo pomorskie"
  },
  "model": "user.state",
  "pk": 11
},
{
  "fields": {
    "country": 21,
    "name": "wojew\u00f3dztwo \u015bl\u0105skie"
  },
  "model": "user.state",
  "pk": 12
},
{
  "fields": {
    "country": 21,
    "name": "wojew\u00f3dztwo podkarpackie"
  },
  "model": "user.state",
  "pk": 13
},
{
  "fields": {
    "country": 21,
    "name": "wojew\u00f3dztwo \u015bwi\u0119tokrzyskie"
  },
  "model": "user.state",
  "pk": 14
},
{
  "fields": {
    "country": 21,
    "name": "wojew\u00f3dztwo warmi\u0144sko-mazurskie"
  },
  "model": "user.state",
  "pk": 15
},
{
  "fields": {
    "country": 21,
    "name": "wojew\u00f3dztwo zachodniopomorskie"
  },
  "model": "user.state",
  "pk": 16
},
{
  "fields": {
    "country": 19,
    "name": "B\u00e1cs-Kiskun Megye"
  },
  "model": "user.state",
  "pk": 17
},
{
  "fields": {
    "country": 19,
    "name": "Baranya Megye"
  },
  "model": "user.state",
  "pk": 18
},
{
  "fields": {
    "country": 19,
    "name": "B\u00e9k\u00e9s Megye"
  },
  "model": "user.state",
  "pk": 19
},
{
  "fields": {
    "country": 19,
    "name": "Borsod-Aba\u00faj-Zempl\u00e9n Megye"
  },
  "model": "user.state",
  "pk": 20
},
{
  "fields": {
    "country": 19,
    "name": "Csongr\u00e1d Megye"
  },
  "model": "user.state",
  "pk": 21
},
{
  "fields": {
    "country": 19,
    "name": "Fej\u00e9r Megye"
  },
  "model": "user.state",
  "pk": 22
},
{
  "fields": {
    "country": 19,
    "name": "Jerry - Mo pine - Sopron state"
  },
  "model": "user.state",
  "pk": 23
},
{
  "fields": {
    "country": 19,
    "name": "Hajdu-Bihar Megye"
  },
  "model": "user.state",
  "pk": 24
},
{
  "fields": {
    "country": 19,
    "name": "Heves Megye"
  },
  "model": "user.state",
  "pk": 25
},
{
  "fields": {
    "country": 19,
    "name": "Gaz - hole - Szolnok, NACE"
  },
  "model": "user.state",
  "pk": 26
},
{
  "fields": {
    "country": 19,
    "name": "Kom\u00e1rom-Esztergom Megye"
  },
  "model": "user.state",
  "pk": 27
},
{
  "fields": {
    "country": 19,
    "name": "N\u00f3gr\u00e1d Megye"
  },
  "model": "user.state",
  "pk": 28
},
{
  "fields": {
    "country": 19,
    "name": "Pest Megye"
  },
  "model": "user.state",
  "pk": 29
},
{
  "fields": {
    "country": 19,
    "name": "Somogy Megye"
  },
  "model": "user.state",
  "pk": 30
},
{
  "fields": {
    "country": 19,
    "name": "Sobol Chi Sauter, Bella of Connecticut"
  },
  "model": "user.state",
  "pk": 31
},
{
  "fields": {
    "country": 19,
    "name": "Tolna Megye"
  },
  "model": "user.state",
  "pk": 32
},
{
  "fields": {
    "country": 19,
    "name": "Vas Megye"
  },
  "model": "user.state",
  "pk": 33
},
{
  "fields": {
    "country": 19,
    "name": "Veszpr\u00e9m Megye"
  },
  "model": "user.state",
  "pk": 34
},
{
  "fields": {
    "country": 19,
    "name": "Zala Megye"
  },
  "model": "user.state",
  "pk": 35
},
{
  "fields": {
    "country": 25,
    "name": "Stockholm"
  },
  "model": "user.state",
  "pk": 36
},
{
  "fields": {
    "country": 25,
    "name": "Uppsala l\u00e4n"
  },
  "model": "user.state",
  "pk": 37
},
{
  "fields": {
    "country": 25,
    "name": "S\u00f6dermanlands l\u00e4n"
  },
  "model": "user.state",
  "pk": 38
},
{
  "fields": {
    "country": 25,
    "name": "\u00d6sterg\u00f6tlands l\u00e4n"
  },
  "model": "user.state",
  "pk": 39
},
{
  "fields": {
    "country": 25,
    "name": "J\u00f6nk\u00f6pings l\u00e4n"
  },
  "model": "user.state",
  "pk": 40
},
{
  "fields": {
    "country": 25,
    "name": "Kronobergs l\u00e4n"
  },
  "model": "user.state",
  "pk": 41
},
{
  "fields": {
    "country": 25,
    "name": "Kalmar l\u00e4n"
  },
  "model": "user.state",
  "pk": 42
},
{
  "fields": {
    "country": 25,
    "name": "Gotlands l\u00e4n"
  },
  "model": "user.state",
  "pk": 43
},
{
  "fields": {
    "country": 25,
    "name": "Blekinge l\u00e4n"
  },
  "model": "user.state",
  "pk": 44
},
{
  "fields": {
    "country": 25,
    "name": "Sk\u00e5ne l\u00e4n"
  },
  "model": "user.state",
  "pk": 45
},
{
  "fields": {
    "country": 25,
    "name": "Hallands l\u00e4n"
  },
  "model": "user.state",
  "pk": 46
},
{
  "fields": {
    "country": 25,
    "name": "V\u00e4stra G\u00f6talands l\u00e4n"
  },
  "model": "user.state",
  "pk": 47
},
{
  "fields": {
    "country": 25,
    "name": "V\u00e4rmlands l\u00e4n"
  },
  "model": "user.state",
  "pk": 48
},
{
  "fields": {
    "country": 25,
    "name": "\u00d6rebro l\u00e4n"
  },
  "model": "user.state",
  "pk": 49
},
{
  "fields": {
    "country": 25,
    "name": "V\u00e4stmanlands l\u00e4n"
  },
  "model": "user.state",
  "pk": 50
},
{
  "fields": {
    "country": 25,
    "name": "Dalarna l\u00e4n"
  },
  "model": "user.state",
  "pk": 51
},
{
  "fields": {
    "country": 25,
    "name": "G\u00e4vleborgs l\u00e4n"
  },
  "model": "user.state",
  "pk": 52
},
{
  "fields": {
    "country": 25,
    "name": "V\u00e4sternorrlands l\u00e4n"
  },
  "model": "user.state",
  "pk": 53
},
{
  "fields": {
    "country": 25,
    "name": "J\u00e4mtlands l\u00e4n"
  },
  "model": "user.state",
  "pk": 54
},
{
  "fields": {
    "country": 25,
    "name": "V\u00e4sterbottens l\u00e4n"
  },
  "model": "user.state",
  "pk": 55
},
{
  "fields": {
    "country": 25,
    "name": "Norrbottens l\u00e4n"
  },
  "model": "user.state",
  "pk": 56
},
{
  "fields": {
    "country": 18,
    "name": "Groningen"
  },
  "model": "user.state",
  "pk": 57
},
{
  "fields": {
    "country": 18,
    "name": "Friesland"
  },
  "model": "user.state",
  "pk": 58
},
{
  "fields": {
    "country": 18,
    "name": "Drenthe"
  },
  "model": "user.state",
  "pk": 59
},
{
  "fields": {
    "country": 18,
    "name": "Overijssel"
  },
  "model": "user.state",
  "pk": 60
},
{
  "fields": {
    "country": 18,
    "name": "Flevoland"
  },
  "model": "user.state",
  "pk": 61
},
{
  "fields": {
    "country": 18,
    "name": "Gelderland"
  },
  "model": "user.state",
  "pk": 62
},
{
  "fields": {
    "country": 18,
    "name": "Utrecht"
  },
  "model": "user.state",
  "pk": 63
},
{
  "fields": {
    "country": 18,
    "name": "Noord Holland"
  },
  "model": "user.state",
  "pk": 64
},
{
  "fields": {
    "country": 18,
    "name": "Zuid Holland"
  },
  "model": "user.state",
  "pk": 65
},
{
  "fields": {
    "country": 18,
    "name": "Zeeland"
  },
  "model": "user.state",
  "pk": 66
},
{
  "fields": {
    "country": 18,
    "name": "Noord Brabant"
  },
  "model": "user.state",
  "pk": 67
},
{
  "fields": {
    "country": 18,
    "name": "Limburg"
  },
  "model": "user.state",
  "pk": 68
},
{
  "fields": {
    "country": 11,
    "name": "Baden-W\u00fcrttemberg"
  },
  "model": "user.state",
  "pk": 69
},
{
  "fields": {
    "country": 11,
    "name": "Bayern"
  },
  "model": "user.state",
  "pk": 70
},
{
  "fields": {
    "country": 11,
    "name": "Berlin"
  },
  "model": "user.state",
  "pk": 71
},
{
  "fields": {
    "country": 11,
    "name": "Brandenburg"
  },
  "model": "user.state",
  "pk": 72
},
{
  "fields": {
    "country": 11,
    "name": "Bremen"
  },
  "model": "user.state",
  "pk": 73
},
{
  "fields": {
    "country": 11,
    "name": "Hamburg"
  },
  "model": "user.state",
  "pk": 74
},
{
  "fields": {
    "country": 11,
    "name": "Hessen"
  },
  "model": "user.state",
  "pk": 75
},
{
  "fields": {
    "country": 11,
    "name": "Mecklenburg-Vorpommern"
  },
  "model": "user.state",
  "pk": 76
},
{
  "fields": {
    "country": 11,
    "name": "Niedersachsen"
  },
  "model": "user.state",
  "pk": 77
},
{
  "fields": {
    "country": 11,
    "name": "Nordrhein-Westfalen"
  },
  "model": "user.state",
  "pk": 78
},
{
  "fields": {
    "country": 11,
    "name": "Rheinland-Pfalz"
  },
  "model": "user.state",
  "pk": 79
},
{
  "fields": {
    "country": 11,
    "name": "Saarland"
  },
  "model": "user.state",
  "pk": 80
},
{
  "fields": {
    "country": 11,
    "name": "Sachsen"
  },
  "model": "user.state",
  "pk": 81
},
{
  "fields": {
    "country": 11,
    "name": "Sachsen-Anhalt"
  },
  "model": "user.state",
  "pk": 82
},
{
  "fields": {
    "country": 11,
    "name": "Schleswig-Holstein"
  },
  "model": "user.state",
  "pk": 83
},
{
  "fields": {
    "country": 11,
    "name": "Th\u00fcringen"
  },
  "model": "user.state",
  "pk": 84
},
{
  "fields": {
    "country": 14,
    "name": "Vlaams Gewest"
  },
  "model": "user.state",
  "pk": 85
},
{
  "fields": {
    "country": 14,
    "name": "Waals Gewest"
  },
  "model": "user.state",
  "pk": 86
},
{
  "fields": {
    "country": 14,
    "name": "Brussels Hoofdstedelijk Gewest"
  },
  "model": "user.state",
  "pk": 87
},
{
  "fields": {
    "country": 15,
    "name": "Region Hovedstaden"
  },
  "model": "user.state",
  "pk": 88
},
{
  "fields": {
    "country": 15,
    "name": "Region Midtjylland"
  },
  "model": "user.state",
  "pk": 89
},
{
  "fields": {
    "country": 15,
    "name": "Region Nordjylland"
  },
  "model": "user.state",
  "pk": 90
},
{
  "fields": {
    "country": 15,
    "name": "Region Sj\u00e6lland"
  },
  "model": "user.state",
  "pk": 91
},
{
  "fields": {
    "country": 15,
    "name": "Region Syddanmark"
  },
  "model": "user.state",
  "pk": 92
},
{
  "fields": {
    "country": 8,
    "name": "Antrim"
  },
  "model": "user.state",
  "pk": 93
},
{
  "fields": {
    "country": 8,
    "name": "Armagh"
  },
  "model": "user.state",
  "pk": 94
},
{
  "fields": {
    "country": 8,
    "name": "Avon"
  },
  "model": "user.state",
  "pk": 95
},
{
  "fields": {
    "country": 8,
    "name": "Bedfordshire"
  },
  "model": "user.state",
  "pk": 96
},
{
  "fields": {
    "country": 8,
    "name": "Berkshire"
  },
  "model": "user.state",
  "pk": 97
},
{
  "fields": {
    "country": 8,
    "name": "Borders"
  },
  "model": "user.state",
  "pk": 98
},
{
  "fields": {
    "country": 8,
    "name": "Buckinghamshire"
  },
  "model": "user.state",
  "pk": 99
},
{
  "fields": {
    "country": 8,
    "name": "Cambrigeshire"
  },
  "model": "user.state",
  "pk": 100
},
{
  "fields": {
    "country": 8,
    "name": "Central"
  },
  "model": "user.state",
  "pk": 101
},
{
  "fields": {
    "country": 8,
    "name": "Cheshire"
  },
  "model": "user.state",
  "pk": 102
},
{
  "fields": {
    "country": 8,
    "name": "Cleveland"
  },
  "model": "user.state",
  "pk": 103
},
{
  "fields": {
    "country": 8,
    "name": "Clwyd"
  },
  "model": "user.state",
  "pk": 104
},
{
  "fields": {
    "country": 8,
    "name": "Cornwall"
  },
  "model": "user.state",
  "pk": 105
},
{
  "fields": {
    "country": 8,
    "name": "Cumbria"
  },
  "model": "user.state",
  "pk": 106
},
{
  "fields": {
    "country": 8,
    "name": "Derbyshire"
  },
  "model": "user.state",
  "pk": 107
},
{
  "fields": {
    "country": 8,
    "name": "Devon"
  },
  "model": "user.state",
  "pk": 108
},
{
  "fields": {
    "country": 8,
    "name": "Dorset"
  },
  "model": "user.state",
  "pk": 109
},
{
  "fields": {
    "country": 8,
    "name": "Down"
  },
  "model": "user.state",
  "pk": 110
},
{
  "fields": {
    "country": 8,
    "name": "Dumfries and Galloway"
  },
  "model": "user.state",
  "pk": 111
},
{
  "fields": {
    "country": 8,
    "name": "Durham"
  },
  "model": "user.state",
  "pk": 112
},
{
  "fields": {
    "country": 8,
    "name": "Dyfed"
  },
  "model": "user.state",
  "pk": 113
},
{
  "fields": {
    "country": 8,
    "name": "East Sussex"
  },
  "model": "user.state",
  "pk": 114
},
{
  "fields": {
    "country": 8,
    "name": "Essex"
  },
  "model": "user.state",
  "pk": 115
},
{
  "fields": {
    "country": 8,
    "name": "Fermanagh"
  },
  "model": "user.state",
  "pk": 116
},
{
  "fields": {
    "country": 8,
    "name": "Fife"
  },
  "model": "user.state",
  "pk": 117
},
{
  "fields": {
    "country": 8,
    "name": "Glouscestershire"
  },
  "model": "user.state",
  "pk": 118
},
{
  "fields": {
    "country": 8,
    "name": "Grampian"
  },
  "model": "user.state",
  "pk": 119
},
{
  "fields": {
    "country": 8,
    "name": "Greater Manchester"
  },
  "model": "user.state",
  "pk": 120
},
{
  "fields": {
    "country": 8,
    "name": "Gwent"
  },
  "model": "user.state",
  "pk": 121
},
{
  "fields": {
    "country": 8,
    "name": "Gwynedd"
  },
  "model": "user.state",
  "pk": 122
},
{
  "fields": {
    "country": 8,
    "name": "Hampshire"
  },
  "model": "user.state",
  "pk": 123
},
{
  "fields": {
    "country": 8,
    "name": "Hereford and Worcester"
  },
  "model": "user.state",
  "pk": 124
},
{
  "fields": {
    "country": 8,
    "name": "Hertfordshire"
  },
  "model": "user.state",
  "pk": 125
},
{
  "fields": {
    "country": 8,
    "name": "Highland"
  },
  "model": "user.state",
  "pk": 126
},
{
  "fields": {
    "country": 8,
    "name": "Humberside"
  },
  "model": "user.state",
  "pk": 127
},
{
  "fields": {
    "country": 8,
    "name": "Isle of Wight"
  },
  "model": "user.state",
  "pk": 128
},
{
  "fields": {
    "country": 8,
    "name": "Kent"
  },
  "model": "user.state",
  "pk": 129
},
{
  "fields": {
    "country": 8,
    "name": "Lacashire"
  },
  "model": "user.state",
  "pk": 130
},
{
  "fields": {
    "country": 8,
    "name": "Leicestershire"
  },
  "model": "user.state",
  "pk": 131
},
{
  "fields": {
    "country": 8,
    "name": "Linco1nshire"
  },
  "model": "user.state",
  "pk": 132
},
{
  "fields": {
    "country": 8,
    "name": "Londonderry"
  },
  "model": "user.state",
  "pk": 133
},
{
  "fields": {
    "country": 8,
    "name": "Lothian"
  },
  "model": "user.state",
  "pk": 134
},
{
  "fields": {
    "country": 8,
    "name": "Merseyside"
  },
  "model": "user.state",
  "pk": 135
},
{
  "fields": {
    "country": 8,
    "name": "Mid Glamorgan"
  },
  "model": "user.state",
  "pk": 136
},
{
  "fields": {
    "country": 8,
    "name": "Norfolk"
  },
  "model": "user.state",
  "pk": 137
},
{
  "fields": {
    "country": 8,
    "name": "North Yorkshire"
  },
  "model": "user.state",
  "pk": 138
},
{
  "fields": {
    "country": 8,
    "name": "Northamptonshire"
  },
  "model": "user.state",
  "pk": 139
},
{
  "fields": {
    "country": 8,
    "name": "Northumberland"
  },
  "model": "user.state",
  "pk": 140
},
{
  "fields": {
    "country": 8,
    "name": "Nottinghamshire"
  },
  "model": "user.state",
  "pk": 141
},
{
  "fields": {
    "country": 8,
    "name": "Orkney Islands"
  },
  "model": "user.state",
  "pk": 142
},
{
  "fields": {
    "country": 8,
    "name": "Oxfordshire"
  },
  "model": "user.state",
  "pk": 143
},
{
  "fields": {
    "country": 8,
    "name": "Powys"
  },
  "model": "user.state",
  "pk": 144
},
{
  "fields": {
    "country": 8,
    "name": "Shetland Islands"
  },
  "model": "user.state",
  "pk": 145
},
{
  "fields": {
    "country": 8,
    "name": "Shropshire"
  },
  "model": "user.state",
  "pk": 146
},
{
  "fields": {
    "country": 8,
    "name": "Somerset"
  },
  "model": "user.state",
  "pk": 147
},
{
  "fields": {
    "country": 8,
    "name": "South Glamorgan"
  },
  "model": "user.state",
  "pk": 148
},
{
  "fields": {
    "country": 8,
    "name": "South Yorkshire"
  },
  "model": "user.state",
  "pk": 149
},
{
  "fields": {
    "country": 8,
    "name": "Staffordshire"
  },
  "model": "user.state",
  "pk": 150
},
{
  "fields": {
    "country": 8,
    "name": "Strathclyde"
  },
  "model": "user.state",
  "pk": 151
},
{
  "fields": {
    "country": 8,
    "name": "Suffolk"
  },
  "model": "user.state",
  "pk": 152
},
{
  "fields": {
    "country": 8,
    "name": "Surrey"
  },
  "model": "user.state",
  "pk": 153
},
{
  "fields": {
    "country": 8,
    "name": "Tayside"
  },
  "model": "user.state",
  "pk": 154
},
{
  "fields": {
    "country": 8,
    "name": "Tyne and Wear"
  },
  "model": "user.state",
  "pk": 155
},
{
  "fields": {
    "country": 8,
    "name": "Tyrone"
  },
  "model": "user.state",
  "pk": 156
},
{
  "fields": {
    "country": 8,
    "name": "Warwickshire"
  },
  "model": "user.state",
  "pk": 157
},
{
  "fields": {
    "country": 8,
    "name": "West Glamorgan"
  },
  "model": "user.state",
  "pk": 158
},
{
  "fields": {
    "country": 8,
    "name": "West Midlands"
  },
  "model": "user.state",
  "pk": 159
},
{
  "fields": {
    "country": 8,
    "name": "West Sussex"
  },
  "model": "user.state",
  "pk": 160
},
{
  "fields": {
    "country": 8,
    "name": "West Yorkshire"
  },
  "model": "user.state",
  "pk": 161
},
{
  "fields": {
    "country": 8,
    "name": "Western Islands"
  },
  "model": "user.state",
  "pk": 162
},
{
  "fields": {
    "country": 8,
    "name": "Wiltshire"
  },
  "model": "user.state",
  "pk": 163
},
{
  "fields": {
    "country": 29,
    "name": "Little India"
  },
  "model": "user.state",
  "pk": 164
},
{
  "fields": {
    "country": 29,
    "name": "Kampong Glam"
  },
  "model": "user.state",
  "pk": 165
},
{
  "fields": {
    "country": 29,
    "name": "Marina Bay"
  },
  "model": "user.state",
  "pk": 166
},
{
  "fields": {
    "country": 29,
    "name": "Sentosa"
  },
  "model": "user.state",
  "pk": 167
},
{
  "fields": {
    "country": 29,
    "name": "Orchard Road"
  },
  "model": "user.state",
  "pk": 168
},
{
  "fields": {
    "country": 29,
    "name": "China Town"
  },
  "model": "user.state",
  "pk": 169
},
{
  "fields": {
    "country": 20,
    "name": "Oslo"
  },
  "model": "user.state",
  "pk": 170
},
{
  "fields": {
    "country": 20,
    "name": "Akershus"
  },
  "model": "user.state",
  "pk": 171
},
{
  "fields": {
    "country": 20,
    "name": "\u00d8stfold"
  },
  "model": "user.state",
  "pk": 172
},
{
  "fields": {
    "country": 20,
    "name": "Hedmark"
  },
  "model": "user.state",
  "pk": 173
},
{
  "fields": {
    "country": 20,
    "name": "Oppland"
  },
  "model": "user.state",
  "pk": 174
},
{
  "fields": {
    "country": 20,
    "name": "Buskerud"
  },
  "model": "user.state",
  "pk": 175
},
{
  "fields": {
    "country": 20,
    "name": "Vestfold"
  },
  "model": "user.state",
  "pk": 176
},
{
  "fields": {
    "country": 20,
    "name": "Telemark"
  },
  "model": "user.state",
  "pk": 177
},
{
  "fields": {
    "country": 20,
    "name": "Aust Agder"
  },
  "model": "user.state",
  "pk": 178
},
{
  "fields": {
    "country": 20,
    "name": "Vest Agder"
  },
  "model": "user.state",
  "pk": 179
},
{
  "fields": {
    "country": 20,
    "name": "Rogaland"
  },
  "model": "user.state",
  "pk": 180
},
{
  "fields": {
    "country": 20,
    "name": "Hordaland"
  },
  "model": "user.state",
  "pk": 181
},
{
  "fields": {
    "country": 20,
    "name": "Sogn og Fjordane"
  },
  "model": "user.state",
  "pk": 182
},
{
  "fields": {
    "country": 20,
    "name": "M\u00f8re og Romsdal"
  },
  "model": "user.state",
  "pk": 183
},
{
  "fields": {
    "country": 20,
    "name": "S\u00f8r Tr\u00f8ndelag"
  },
  "model": "user.state",
  "pk": 184
},
{
  "fields": {
    "country": 20,
    "name": "Nord Tr\u00f8ndelag"
  },
  "model": "user.state",
  "pk": 185
},
{
  "fields": {
    "country": 20,
    "name": "Nordland"
  },
  "model": "user.state",
  "pk": 186
},
{
  "fields": {
    "country": 20,
    "name": "Troms"
  },
  "model": "user.state",
  "pk": 187
},
{
  "fields": {
    "country": 20,
    "name": "Finnmark"
  },
  "model": "user.state",
  "pk": 188
},
{
  "fields": {
    "country": 27,
    "name": "Z\u00fcrich Kant"
  },
  "model": "user.state",
  "pk": 189
},
{
  "fields": {
    "country": 27,
    "name": "Bourne"
  },
  "model": "user.state",
  "pk": 190
},
{
  "fields": {
    "country": 27,
    "name": "Luzern"
  },
  "model": "user.state",
  "pk": 191
},
{
  "fields": {
    "country": 27,
    "name": "Uri Kant"
  },
  "model": "user.state",
  "pk": 192
},
{
  "fields": {
    "country": 27,
    "name": "Schwyz Kant"
  },
  "model": "user.state",
  "pk": 193
},
{
  "fields": {
    "country": 27,
    "name": "Obwalden Half Cant"
  },
  "model": "user.state",
  "pk": 194
},
{
  "fields": {
    "country": 27,
    "name": "Nidwalden Half Kant"
  },
  "model": "user.state",
  "pk": 195
},
{
  "fields": {
    "country": 27,
    "name": "Glarus Can"
  },
  "model": "user.state",
  "pk": 196
},
{
  "fields": {
    "country": 27,
    "name": "Zug Kant"
  },
  "model": "user.state",
  "pk": 197
},
{
  "fields": {
    "country": 27,
    "name": "Fribourg Canton de"
  },
  "model": "user.state",
  "pk": 198
},
{
  "fields": {
    "country": 27,
    "name": "Solothurn Kant"
  },
  "model": "user.state",
  "pk": 199
},
{
  "fields": {
    "country": 27,
    "name": "Barzel city state"
  },
  "model": "user.state",
  "pk": 200
},
{
  "fields": {
    "country": 27,
    "name": "Barzel country"
  },
  "model": "user.state",
  "pk": 201
},
{
  "fields": {
    "country": 27,
    "name": "Schaffhausen Kant"
  },
  "model": "user.state",
  "pk": 202
},
{
  "fields": {
    "country": 27,
    "name": "Appenzell ausserrhon semi state"
  },
  "model": "user.state",
  "pk": 203
},
{
  "fields": {
    "country": 27,
    "name": "Appenzell Innerrhoden Half Canton"
  },
  "model": "user.state",
  "pk": 204
},
{
  "fields": {
    "country": 27,
    "name": "Sankt Gallen Kant"
  },
  "model": "user.state",
  "pk": 205
},
{
  "fields": {
    "country": 27,
    "name": "Grischun"
  },
  "model": "user.state",
  "pk": 206
},
{
  "fields": {
    "country": 27,
    "name": "Aargau Kanton"
  },
  "model": "user.state",
  "pk": 207
},
{
  "fields": {
    "country": 27,
    "name": "Thurgau Kant"
  },
  "model": "user.state",
  "pk": 208
},
{
  "fields": {
    "country": 27,
    "name": "Tessin Kant"
  },
  "model": "user.state",
  "pk": 209
},
{
  "fields": {
    "country": 27,
    "name": "Waadt Kant"
  },
  "model": "user.state",
  "pk": 210
},
{
  "fields": {
    "country": 27,
    "name": "Naters Valais"
  },
  "model": "user.state",
  "pk": 211
},
{
  "fields": {
    "country": 27,
    "name": "Neuch\u00e2tel Cant De"
  },
  "model": "user.state",
  "pk": 212
},
{
  "fields": {
    "country": 27,
    "name": "Gen\u00e8ve Canton"
  },
  "model": "user.state",
  "pk": 213
},
{
  "fields": {
    "country": 27,
    "name": "Jura Canton de"
  },
  "model": "user.state",
  "pk": 214
},
{
  "fields": {
    "country": 5,
    "name": "Seoul"
  },
  "model": "user.state",
  "pk": 215
},
{
  "fields": {
    "country": 5,
    "name": "Busan"
  },
  "model": "user.state",
  "pk": 216
},
{
  "fields": {
    "country": 5,
    "name": "Daegu"
  },
  "model": "user.state",
  "pk": 217
},
{
  "fields": {
    "country": 5,
    "name": "Incheon"
  },
  "model": "user.state",
  "pk": 218
},
{
  "fields": {
    "country": 5,
    "name": "Gwangju"
  },
  "model": "user.state",
  "pk": 219
},
{
  "fields": {
    "country": 5,
    "name": "Daejeon"
  },
  "model": "user.state",
  "pk": 220
},
{
  "fields": {
    "country": 5,
    "name": "Ulsan"
  },
  "model": "user.state",
  "pk": 221
},
{
  "fields": {
    "country": 5,
    "name": "Sejong"
  },
  "model": "user.state",
  "pk": 222
},
{
  "fields": {
    "country": 5,
    "name": "Gyeonggi"
  },
  "model": "user.state",
  "pk": 223
},
{
  "fields": {
    "country": 5,
    "name": "Gangwon"
  },
  "model": "user.state",
  "pk": 224
},
{
  "fields": {
    "country": 5,
    "name": "North Chungcheong"
  },
  "model": "user.state",
  "pk": 225
},
{
  "fields": {
    "country": 5,
    "name": "South Chungcheong"
  },
  "model": "user.state",
  "pk": 226
},
{
  "fields": {
    "country": 5,
    "name": "North Jeolla"
  },
  "model": "user.state",
  "pk": 227
},
{
  "fields": {
    "country": 5,
    "name": "South Jeolla"
  },
  "model": "user.state",
  "pk": 228
},
{
  "fields": {
    "country": 5,
    "name": "North Gyeongsang"
  },
  "model": "user.state",
  "pk": 229
},
{
  "fields": {
    "country": 5,
    "name": "South Gyeongsang"
  },
  "model": "user.state",
  "pk": 230
},
{
  "fields": {
    "country": 5,
    "name": "Jeju"
  },
  "model": "user.state",
  "pk": 231
},
{
  "fields": {
    "country": 26,
    "name": "Kiev Oblast"
  },
  "model": "user.state",
  "pk": 232
},
{
  "fields": {
    "country": 26,
    "name": "Vinnyts ka Oblast"
  },
  "model": "user.state",
  "pk": 233
},
{
  "fields": {
    "country": 26,
    "name": "Volyns ka Oblast"
  },
  "model": "user.state",
  "pk": 234
},
{
  "fields": {
    "country": 26,
    "name": "Dnipropetrovs ka Oblast"
  },
  "model": "user.state",
  "pk": 235
},
{
  "fields": {
    "country": 26,
    "name": "Donets ka Oblast"
  },
  "model": "user.state",
  "pk": 236
},
{
  "fields": {
    "country": 26,
    "name": "Zhytomyr ska Oblast"
  },
  "model": "user.state",
  "pk": 237
},
{
  "fields": {
    "country": 26,
    "name": "Transcarpathian Oblast"
  },
  "model": "user.state",
  "pk": 238
},
{
  "fields": {
    "country": 26,
    "name": "Zaporozhye state"
  },
  "model": "user.state",
  "pk": 239
},
{
  "fields": {
    "country": 26,
    "name": "Ivano-Frankivs ka Oblast"
  },
  "model": "user.state",
  "pk": 240
},
{
  "fields": {
    "country": 26,
    "name": "Kilo Vogler state"
  },
  "model": "user.state",
  "pk": 241
},
{
  "fields": {
    "country": 26,
    "name": "Luhansk Oblast"
  },
  "model": "user.state",
  "pk": 242
},
{
  "fields": {
    "country": 26,
    "name": "The state of Lviv"
  },
  "model": "user.state",
  "pk": 243
},
{
  "fields": {
    "country": 26,
    "name": "Mykolayiv Oblast"
  },
  "model": "user.state",
  "pk": 244
},
{
  "fields": {
    "country": 26,
    "name": "Odes'ka Oblast"
  },
  "model": "user.state",
  "pk": 245
},
{
  "fields": {
    "country": 26,
    "name": "Poltavs'ka Oblast"
  },
  "model": "user.state",
  "pk": 246
},
{
  "fields": {
    "country": 26,
    "name": "Rivne Oblast"
  },
  "model": "user.state",
  "pk": 247
},
{
  "fields": {
    "country": 26,
    "name": "Sums'ka Oblast"
  },
  "model": "user.state",
  "pk": 248
},
{
  "fields": {
    "country": 26,
    "name": "Ternopil Oblast"
  },
  "model": "user.state",
  "pk": 249
},
{
  "fields": {
    "country": 26,
    "name": "Kharkivs'ka Oblast"
  },
  "model": "user.state",
  "pk": 250
},
{
  "fields": {
    "country": 26,
    "name": "Khersons'ka Oblast"
  },
  "model": "user.state",
  "pk": 251
},
{
  "fields": {
    "country": 26,
    "name": "Khmel'nyts'ka Oblast"
  },
  "model": "user.state",
  "pk": 252
},
{
  "fields": {
    "country": 26,
    "name": "Cherkas'ka Oblast"
  },
  "model": "user.state",
  "pk": 253
},
{
  "fields": {
    "country": 26,
    "name": "Chernivtsi Oblast"
  },
  "model": "user.state",
  "pk": 254
},
{
  "fields": {
    "country": 26,
    "name": "Chernihivska"
  },
  "model": "user.state",
  "pk": 255
},
{
  "fields": {
    "country": 26,
    "name": "The Autonomous Republic of Crimea"
  },
  "model": "user.state",
  "pk": 256
},
{
  "fields": {
    "country": 26,
    "name": "Kiev"
  },
  "model": "user.state",
  "pk": 257
},
{
  "fields": {
    "country": 26,
    "name": "Sebastopol"
  },
  "model": "user.state",
  "pk": 258
},
{
  "fields": {
    "country": 13,
    "name": "Eisenstadt"
  },
  "model": "user.state",
  "pk": 259
},
{
  "fields": {
    "country": 13,
    "name": "Klagenfurt am W\u00f6rthersee"
  },
  "model": "user.state",
  "pk": 260
},
{
  "fields": {
    "country": 13,
    "name": "Sankt P\u00f6lten"
  },
  "model": "user.state",
  "pk": 261
},
{
  "fields": {
    "country": 13,
    "name": "Linz"
  },
  "model": "user.state",
  "pk": 262
},
{
  "fields": {
    "country": 13,
    "name": "Salzburg"
  },
  "model": "user.state",
  "pk": 263
},
{
  "fields": {
    "country": 13,
    "name": "Graz"
  },
  "model": "user.state",
  "pk": 264
},
{
  "fields": {
    "country": 13,
    "name": "Innsbruck"
  },
  "model": "user.state",
  "pk": 265
},
{
  "fields": {
    "country": 13,
    "name": "Bregenz"
  },
  "model": "user.state",
  "pk": 266
},
{
  "fields": {
    "country": 13,
    "name": "Wien"
  },
  "model": "user.state",
  "pk": 267
},
{
  "fields": {
    "country": 30,
    "name": "Abu Dhabi"
  },
  "model": "user.state",
  "pk": 268
},
{
  "fields": {
    "country": 30,
    "name": "Ajman"
  },
  "model": "user.state",
  "pk": 269
},
{
  "fields": {
    "country": 30,
    "name": "Dubai"
  },
  "model": "user.state",
  "pk": 270
},
{
  "fields": {
    "country": 30,
    "name": "Fujairah"
  },
  "model": "user.state",
  "pk": 271
},
{
  "fields": {
    "country": 30,
    "name": "Ras al-Khaimah"
  },
  "model": "user.state",
  "pk": 272
},
{
  "fields": {
    "country": 30,
    "name": "Sharjah"
  },
  "model": "user.state",
  "pk": 273
},
{
  "fields": {
    "country": 30,
    "name": "Umm al-Qaiwain"
  },
  "model": "user.state",
  "pk": 274
},
{
  "fields": {
    "country": 10,
    "name": "\u00cele-de-France"
  },
  "model": "user.state",
  "pk": 275
},
{
  "fields": {
    "country": 10,
    "name": "Champagne-Ardenne"
  },
  "model": "user.state",
  "pk": 276
},
{
  "fields": {
    "country": 10,
    "name": "Picardie"
  },
  "model": "user.state",
  "pk": 277
},
{
  "fields": {
    "country": 10,
    "name": "Haute-Normandie"
  },
  "model": "user.state",
  "pk": 278
},
{
  "fields": {
    "country": 10,
    "name": "Centre"
  },
  "model": "user.state",
  "pk": 279
},
{
  "fields": {
    "country": 10,
    "name": "Basse-Normandie"
  },
  "model": "user.state",
  "pk": 280
},
{
  "fields": {
    "country": 10,
    "name": "Bourgogne"
  },
  "model": "user.state",
  "pk": 281
},
{
  "fields": {
    "country": 10,
    "name": "Nord-pas-de-Calais"
  },
  "model": "user.state",
  "pk": 282
},
{
  "fields": {
    "country": 10,
    "name": "Lorraine"
  },
  "model": "user.state",
  "pk": 283
},
{
  "fields": {
    "country": 10,
    "name": "Alsace"
  },
  "model": "user.state",
  "pk": 284
},
{
  "fields": {
    "country": 10,
    "name": "Franche-Comt\u00e9"
  },
  "model": "user.state",
  "pk": 285
},
{
  "fields": {
    "country": 10,
    "name": "Pays de la Loire"
  },
  "model": "user.state",
  "pk": 286
},
{
  "fields": {
    "country": 10,
    "name": "Bretagne"
  },
  "model": "user.state",
  "pk": 287
},
{
  "fields": {
    "country": 10,
    "name": "Poitou-Charentes"
  },
  "model": "user.state",
  "pk": 288
},
{
  "fields": {
    "country": 10,
    "name": "Aquitaine"
  },
  "model": "user.state",
  "pk": 289
},
{
  "fields": {
    "country": 10,
    "name": "Midi-Pyr\u00e9n\u00e9es"
  },
  "model": "user.state",
  "pk": 290
},
{
  "fields": {
    "country": 10,
    "name": "Limousin"
  },
  "model": "user.state",
  "pk": 291
},
{
  "fields": {
    "country": 10,
    "name": "Rh\u00f4ne-Alpes"
  },
  "model": "user.state",
  "pk": 292
},
{
  "fields": {
    "country": 10,
    "name": "Auvergne"
  },
  "model": "user.state",
  "pk": 293
},
{
  "fields": {
    "country": 10,
    "name": "Languedoc-Roussillon"
  },
  "model": "user.state",
  "pk": 294
},
{
  "fields": {
    "country": 10,
    "name": "Provence-Alpes-C\u00f4te d Azur"
  },
  "model": "user.state",
  "pk": 295
},
{
  "fields": {
    "country": 10,
    "name": "Corse"
  },
  "model": "user.state",
  "pk": 296
},
{
  "fields": {
    "country": 10,
    "name": "Guadeloupe"
  },
  "model": "user.state",
  "pk": 297
},
{
  "fields": {
    "country": 10,
    "name": "Martinique"
  },
  "model": "user.state",
  "pk": 298
},
{
  "fields": {
    "country": 10,
    "name": "Guyane"
  },
  "model": "user.state",
  "pk": 299
},
{
  "fields": {
    "country": 10,
    "name": "R\u00e9union"
  },
  "model": "user.state",
  "pk": 300
},
{
  "fields": {
    "country": 12,
    "name": "Praha"
  },
  "model": "user.state",
  "pk": 301
},
{
  "fields": {
    "country": 12,
    "name": "St\u0159edo\u010desk\u00fd kraj"
  },
  "model": "user.state",
  "pk": 302
},
{
  "fields": {
    "country": 12,
    "name": "Jiho\u010desk\u00fd kraj"
  },
  "model": "user.state",
  "pk": 303
},
{
  "fields": {
    "country": 12,
    "name": "Plze\u0148sk\u00fd kraj"
  },
  "model": "user.state",
  "pk": 304
},
{
  "fields": {
    "country": 12,
    "name": "Karlovarsk\u00fd kraj"
  },
  "model": "user.state",
  "pk": 305
},
{
  "fields": {
    "country": 12,
    "name": "\u00dasteck\u00fd kraj"
  },
  "model": "user.state",
  "pk": 306
},
{
  "fields": {
    "country": 12,
    "name": "Libereck\u00fd kraj"
  },
  "model": "user.state",
  "pk": 307
},
{
  "fields": {
    "country": 12,
    "name": "Kr\u00e1lov\u00e9hradeck\u00fd kraj"
  },
  "model": "user.state",
  "pk": 308
},
{
  "fields": {
    "country": 12,
    "name": "Pardubick\u00fd kraj"
  },
  "model": "user.state",
  "pk": 309
},
{
  "fields": {
    "country": 12,
    "name": "Vyso\u010dina"
  },
  "model": "user.state",
  "pk": 310
},
{
  "fields": {
    "country": 12,
    "name": "Jihomoravsk\u00fd kraj"
  },
  "model": "user.state",
  "pk": 311
},
{
  "fields": {
    "country": 12,
    "name": "Olomouck\u00fd kraj"
  },
  "model": "user.state",
  "pk": 312
},
{
  "fields": {
    "country": 12,
    "name": "Zl\u00ednsk\u00fd kraj"
  },
  "model": "user.state",
  "pk": 313
},
{
  "fields": {
    "country": 12,
    "name": "Moravskoslezsk\u00fd kraj"
  },
  "model": "user.state",
  "pk": 314
},
{
  "fields": {
    "country": 6,
    "name": "New South Wales"
  },
  "model": "user.state",
  "pk": 315
},
{
  "fields": {
    "country": 6,
    "name": "Queensland "
  },
  "model": "user.state",
  "pk": 316
},
{
  "fields": {
    "country": 6,
    "name": "South Australia"
  },
  "model": "user.state",
  "pk": 317
},
{
  "fields": {
    "country": 6,
    "name": "Tasmania"
  },
  "model": "user.state",
  "pk": 318
},
{
  "fields": {
    "country": 6,
    "name": "Victoria"
  },
  "model": "user.state",
  "pk": 319
},
{
  "fields": {
    "country": 6,
    "name": "Western Australia"
  },
  "model": "user.state",
  "pk": 320
},
{
  "fields": {
    "country": 6,
    "name": "Australia Capital Territory"
  },
  "model": "user.state",
  "pk": 321
},
{
  "fields": {
    "country": 6,
    "name": "Northern Territory"
  },
  "model": "user.state",
  "pk": 322
},
{
  "fields": {
    "country": 7,
    "name": "Auckland"
  },
  "model": "user.state",
  "pk": 323
},
{
  "fields": {
    "country": 7,
    "name": "Bay of Plenty"
  },
  "model": "user.state",
  "pk": 324
},
{
  "fields": {
    "country": 7,
    "name": "Canterbury"
  },
  "model": "user.state",
  "pk": 325
},
{
  "fields": {
    "country": 7,
    "name": "Chatham Islands"
  },
  "model": "user.state",
  "pk": 326
},
{
  "fields": {
    "country": 7,
    "name": "Gisborne"
  },
  "model": "user.state",
  "pk": 327
},
{
  "fields": {
    "country": 7,
    "name": "Hawke s Bay"
  },
  "model": "user.state",
  "pk": 328
},
{
  "fields": {
    "country": 7,
    "name": "Manawatu-Wanganui"
  },
  "model": "user.state",
  "pk": 329
},
{
  "fields": {
    "country": 7,
    "name": "Marlborough"
  },
  "model": "user.state",
  "pk": 330
},
{
  "fields": {
    "country": 7,
    "name": "Nelson"
  },
  "model": "user.state",
  "pk": 331
},
{
  "fields": {
    "country": 7,
    "name": "Northland"
  },
  "model": "user.state",
  "pk": 332
},
{
  "fields": {
    "country": 7,
    "name": "Otago"
  },
  "model": "user.state",
  "pk": 333
},
{
  "fields": {
    "country": 7,
    "name": "Southland"
  },
  "model": "user.state",
  "pk": 334
},
{
  "fields": {
    "country": 7,
    "name": "Taranaki"
  },
  "model": "user.state",
  "pk": 335
},
{
  "fields": {
    "country": 7,
    "name": "Tasman"
  },
  "model": "user.state",
  "pk": 336
},
{
  "fields": {
    "country": 7,
    "name": "Waikato"
  },
  "model": "user.state",
  "pk": 337
},
{
  "fields": {
    "country": 7,
    "name": "Wellington"
  },
  "model": "user.state",
  "pk": 338
},
{
  "fields": {
    "country": 7,
    "name": "West Coast"
  },
  "model": "user.state",
  "pk": 339
},
{
  "fields": {
    "country": 4,
    "name": "Aichi-ken"
  },
  "model": "user.state",
  "pk": 340
},
{
  "fields": {
    "country": 4,
    "name": "Akita-ken"
  },
  "model": "user.state",
  "pk": 341
},
{
  "fields": {
    "country": 4,
    "name": "Aomori-ken"
  },
  "model": "user.state",
  "pk": 342
},
{
  "fields": {
    "country": 4,
    "name": "Chiba-ken"
  },
  "model": "user.state",
  "pk": 343
},
{
  "fields": {
    "country": 4,
    "name": "Ehime-ken"
  },
  "model": "user.state",
  "pk": 344
},
{
  "fields": {
    "country": 4,
    "name": "Fukui-ken"
  },
  "model": "user.state",
  "pk": 345
},
{
  "fields": {
    "country": 4,
    "name": "Fukuoka-ken"
  },
  "model": "user.state",
  "pk": 346
},
{
  "fields": {
    "country": 4,
    "name": "Fukushima-ken"
  },
  "model": "user.state",
  "pk": 347
},
{
  "fields": {
    "country": 4,
    "name": "Gifu-ken"
  },
  "model": "user.state",
  "pk": 348
},
{
  "fields": {
    "country": 4,
    "name": "Gunma-ken"
  },
  "model": "user.state",
  "pk": 349
},
{
  "fields": {
    "country": 4,
    "name": "Hiroshima"
  },
  "model": "user.state",
  "pk": 350
},
{
  "fields": {
    "country": 4,
    "name": "Hokkaido"
  },
  "model": "user.state",
  "pk": 351
},
{
  "fields": {
    "country": 4,
    "name": "Hyogo-ken"
  },
  "model": "user.state",
  "pk": 352
},
{
  "fields": {
    "country": 4,
    "name": "Ibaraki-ken"
  },
  "model": "user.state",
  "pk": 353
},
{
  "fields": {
    "country": 4,
    "name": "Ishikawa-ken"
  },
  "model": "user.state",
  "pk": 354
},
{
  "fields": {
    "country": 4,
    "name": "Iwate-ken"
  },
  "model": "user.state",
  "pk": 355
},
{
  "fields": {
    "country": 4,
    "name": "Kagawa-ken"
  },
  "model": "user.state",
  "pk": 356
},
{
  "fields": {
    "country": 4,
    "name": "Kagoshima-ken"
  },
  "model": "user.state",
  "pk": 357
},
{
  "fields": {
    "country": 4,
    "name": "Kanagawa-ken"
  },
  "model": "user.state",
  "pk": 358
},
{
  "fields": {
    "country": 4,
    "name": "Kochi-ken"
  },
  "model": "user.state",
  "pk": 359
},
{
  "fields": {
    "country": 4,
    "name": "Kumamoto-ken"
  },
  "model": "user.state",
  "pk": 360
},
{
  "fields": {
    "country": 4,
    "name": "Kyoto-fu"
  },
  "model": "user.state",
  "pk": 361
},
{
  "fields": {
    "country": 4,
    "name": "Mie-ken"
  },
  "model": "user.state",
  "pk": 362
},
{
  "fields": {
    "country": 4,
    "name": "Miyagi-ken"
  },
  "model": "user.state",
  "pk": 363
},
{
  "fields": {
    "country": 4,
    "name": "Miyazaki-ken"
  },
  "model": "user.state",
  "pk": 364
},
{
  "fields": {
    "country": 4,
    "name": "Nagano-ken"
  },
  "model": "user.state",
  "pk": 365
},
{
  "fields": {
    "country": 4,
    "name": "Nagasaki-shi"
  },
  "model": "user.state",
  "pk": 366
},
{
  "fields": {
    "country": 4,
    "name": "Nara-ken"
  },
  "model": "user.state",
  "pk": 367
},
{
  "fields": {
    "country": 4,
    "name": "Niigata-ken"
  },
  "model": "user.state",
  "pk": 368
},
{
  "fields": {
    "country": 4,
    "name": "Oita-ken"
  },
  "model": "user.state",
  "pk": 369
},
{
  "fields": {
    "country": 4,
    "name": "Okayama-ken"
  },
  "model": "user.state",
  "pk": 370
},
{
  "fields": {
    "country": 4,
    "name": "Okinawa-ken"
  },
  "model": "user.state",
  "pk": 371
},
{
  "fields": {
    "country": 4,
    "name": "Osaka-fu"
  },
  "model": "user.state",
  "pk": 372
},
{
  "fields": {
    "country": 4,
    "name": "Saga-ken"
  },
  "model": "user.state",
  "pk": 373
},
{
  "fields": {
    "country": 4,
    "name": "Saitama-ken"
  },
  "model": "user.state",
  "pk": 374
},
{
  "fields": {
    "country": 4,
    "name": "Shiga-ken"
  },
  "model": "user.state",
  "pk": 375
},
{
  "fields": {
    "country": 4,
    "name": "Shimane-ken"
  },
  "model": "user.state",
  "pk": 376
},
{
  "fields": {
    "country": 4,
    "name": "Shizuoka-ken"
  },
  "model": "user.state",
  "pk": 377
},
{
  "fields": {
    "country": 4,
    "name": "Tochigi-ken"
  },
  "model": "user.state",
  "pk": 378
},
{
  "fields": {
    "country": 4,
    "name": "Tokushima-ken"
  },
  "model": "user.state",
  "pk": 379
},
{
  "fields": {
    "country": 4,
    "name": "Tokyo"
  },
  "model": "user.state",
  "pk": 380
},
{
  "fields": {
    "country": 4,
    "name": "Tottori-ken"
  },
  "model": "user.state",
  "pk": 381
},
{
  "fields": {
    "country": 4,
    "name": "Toyama-ken"
  },
  "model": "user.state",
  "pk": 382
},
{
  "fields": {
    "country": 4,
    "name": "Wakayama-ken"
  },
  "model": "user.state",
  "pk": 383
},
{
  "fields": {
    "country": 4,
    "name": "Yamagata-ken"
  },
  "model": "user.state",
  "pk": 384
},
{
  "fields": {
    "country": 4,
    "name": "Yamaguchi-ken"
  },
  "model": "user.state",
  "pk": 385
},
{
  "fields": {
    "country": 4,
    "name": "Yamanashi-ken"
  },
  "model": "user.state",
  "pk": 386
},
{
  "fields": {
    "country": 24,
    "name": "Almer\u00eda"
  },
  "model": "user.state",
  "pk": 387
},
{
  "fields": {
    "country": 24,
    "name": "C\u00e1diz"
  },
  "model": "user.state",
  "pk": 388
},
{
  "fields": {
    "country": 24,
    "name": "C\u00f3rdoba"
  },
  "model": "user.state",
  "pk": 389
},
{
  "fields": {
    "country": 24,
    "name": "Granada"
  },
  "model": "user.state",
  "pk": 390
},
{
  "fields": {
    "country": 24,
    "name": "Huelva"
  },
  "model": "user.state",
  "pk": 391
},
{
  "fields": {
    "country": 24,
    "name": "Ja\u00e9n"
  },
  "model": "user.state",
  "pk": 392
},
{
  "fields": {
    "country": 24,
    "name": "M\u00e1laga"
  },
  "model": "user.state",
  "pk": 393
},
{
  "fields": {
    "country": 24,
    "name": "Sevilla"
  },
  "model": "user.state",
  "pk": 394
},
{
  "fields": {
    "country": 24,
    "name": "Huesca"
  },
  "model": "user.state",
  "pk": 395
},
{
  "fields": {
    "country": 24,
    "name": "Teruel"
  },
  "model": "user.state",
  "pk": 396
},
{
  "fields": {
    "country": 24,
    "name": "Zaragoza"
  },
  "model": "user.state",
  "pk": 397
},
{
  "fields": {
    "country": 24,
    "name": "\u00c1lava"
  },
  "model": "user.state",
  "pk": 398
},
{
  "fields": {
    "country": 24,
    "name": "Vizcaya"
  },
  "model": "user.state",
  "pk": 399
},
{
  "fields": {
    "country": 24,
    "name": "Guip\u00fazcoa"
  },
  "model": "user.state",
  "pk": 400
},
{
  "fields": {
    "country": 24,
    "name": "Las Palmas"
  },
  "model": "user.state",
  "pk": 401
},
{
  "fields": {
    "country": 24,
    "name": "Santa Cruz de Tenerife"
  },
  "model": "user.state",
  "pk": 402
},
{
  "fields": {
    "country": 24,
    "name": "Albacete"
  },
  "model": "user.state",
  "pk": 403
},
{
  "fields": {
    "country": 24,
    "name": "Ciudad Real"
  },
  "model": "user.state",
  "pk": 404
},
{
  "fields": {
    "country": 24,
    "name": "Cuenca"
  },
  "model": "user.state",
  "pk": 405
},
{
  "fields": {
    "country": 24,
    "name": "Guadalajara"
  },
  "model": "user.state",
  "pk": 406
},
{
  "fields": {
    "country": 24,
    "name": "Toledo"
  },
  "model": "user.state",
  "pk": 407
},
{
  "fields": {
    "country": 24,
    "name": "\u00c1vila"
  },
  "model": "user.state",
  "pk": 408
},
{
  "fields": {
    "country": 24,
    "name": "Burgos"
  },
  "model": "user.state",
  "pk": 409
},
{
  "fields": {
    "country": 24,
    "name": "Le\u00f3n"
  },
  "model": "user.state",
  "pk": 410
},
{
  "fields": {
    "country": 24,
    "name": "Palencia"
  },
  "model": "user.state",
  "pk": 411
},
{
  "fields": {
    "country": 24,
    "name": "Salamanca"
  },
  "model": "user.state",
  "pk": 412
},
{
  "fields": {
    "country": 24,
    "name": "Segovia"
  },
  "model": "user.state",
  "pk": 413
},
{
  "fields": {
    "country": 24,
    "name": "Soria"
  },
  "model": "user.state",
  "pk": 414
},
{
  "fields": {
    "country": 24,
    "name": "Valladolid"
  },
  "model": "user.state",
  "pk": 415
},
{
  "fields": {
    "country": 24,
    "name": "Zamora"
  },
  "model": "user.state",
  "pk": 416
},
{
  "fields": {
    "country": 24,
    "name": "Barcelona"
  },
  "model": "user.state",
  "pk": 417
},
{
  "fields": {
    "country": 24,
    "name": "Gerona"
  },
  "model": "user.state",
  "pk": 418
},
{
  "fields": {
    "country": 24,
    "name": "L\u00e9rida"
  },
  "model": "user.state",
  "pk": 419
},
{
  "fields": {
    "country": 24,
    "name": "Tarragona"
  },
  "model": "user.state",
  "pk": 420
},
{
  "fields": {
    "country": 24,
    "name": "Badajoz"
  },
  "model": "user.state",
  "pk": 421
},
{
  "fields": {
    "country": 24,
    "name": "C\u00e1ceres"
  },
  "model": "user.state",
  "pk": 422
},
{
  "fields": {
    "country": 24,
    "name": "Lugo"
  },
  "model": "user.state",
  "pk": 423
},
{
  "fields": {
    "country": 24,
    "name": "Orense"
  },
  "model": "user.state",
  "pk": 424
},
{
  "fields": {
    "country": 24,
    "name": "Pontevedra"
  },
  "model": "user.state",
  "pk": 425
},
{
  "fields": {
    "country": 24,
    "name": "Castell\u00f3n"
  },
  "model": "user.state",
  "pk": 426
},
{
  "fields": {
    "country": 24,
    "name": "Valencia"
  },
  "model": "user.state",
  "pk": 427
},
{
  "fields": {
    "country": 17,
    "name": "East Macedonia and Thrace"
  },
  "model": "user.state",
  "pk": 428
},
{
  "fields": {
    "country": 17,
    "name": "In Macedonia"
  },
  "model": "user.state",
  "pk": 429
},
{
  "fields": {
    "country": 17,
    "name": "West Macedonia"
  },
  "model": "user.state",
  "pk": 430
},
{
  "fields": {
    "country": 17,
    "name": "Ip Ruth"
  },
  "model": "user.state",
  "pk": 431
},
{
  "fields": {
    "country": 17,
    "name": "Thessaly"
  },
  "model": "user.state",
  "pk": 432
},
{
  "fields": {
    "country": 17,
    "name": "Ioanians"
  },
  "model": "user.state",
  "pk": 433
},
{
  "fields": {
    "country": 17,
    "name": "Western Greece"
  },
  "model": "user.state",
  "pk": 434
},
{
  "fields": {
    "country": 17,
    "name": "In Greece"
  },
  "model": "user.state",
  "pk": 435
},
{
  "fields": {
    "country": 17,
    "name": "Attica"
  },
  "model": "user.state",
  "pk": 436
},
{
  "fields": {
    "country": 17,
    "name": "The Peloponnesian"
  },
  "model": "user.state",
  "pk": 437
},
{
  "fields": {
    "country": 17,
    "name": "North Aegean Sea"
  },
  "model": "user.state",
  "pk": 438
},
{
  "fields": {
    "country": 17,
    "name": "The South Aegean Sea"
  },
  "model": "user.state",
  "pk": 439
},
{
  "fields": {
    "country": 17,
    "name": "Crete"
  },
  "model": "user.state",
  "pk": 440
},
{
  "fields": {
    "country": 9,
    "name": "Abruzzo"
  },
  "model": "user.state",
  "pk": 441
},
{
  "fields": {
    "country": 9,
    "name": "Valle d Aosta"
  },
  "model": "user.state",
  "pk": 442
},
{
  "fields": {
    "country": 9,
    "name": "Puglia"
  },
  "model": "user.state",
  "pk": 443
},
{
  "fields": {
    "country": 9,
    "name": "Basilicata"
  },
  "model": "user.state",
  "pk": 444
},
{
  "fields": {
    "country": 9,
    "name": "Calabria"
  },
  "model": "user.state",
  "pk": 445
},
{
  "fields": {
    "country": 9,
    "name": "Campania"
  },
  "model": "user.state",
  "pk": 446
},
{
  "fields": {
    "country": 9,
    "name": "Emilia-Romagna"
  },
  "model": "user.state",
  "pk": 447
},
{
  "fields": {
    "country": 9,
    "name": "Friuli-Venezia Giulia"
  },
  "model": "user.state",
  "pk": 448
},
{
  "fields": {
    "country": 9,
    "name": "Lazio"
  },
  "model": "user.state",
  "pk": 449
},
{
  "fields": {
    "country": 9,
    "name": "Liguria"
  },
  "model": "user.state",
  "pk": 450
},
{
  "fields": {
    "country": 9,
    "name": "Lombardia"
  },
  "model": "user.state",
  "pk": 451
},
{
  "fields": {
    "country": 9,
    "name": "Marche"
  },
  "model": "user.state",
  "pk": 452
},
{
  "fields": {
    "country": 9,
    "name": "Molise"
  },
  "model": "user.state",
  "pk": 453
},
{
  "fields": {
    "country": 9,
    "name": "Piemonte"
  },
  "model": "user.state",
  "pk": 454
},
{
  "fields": {
    "country": 9,
    "name": "Sardegna"
  },
  "model": "user.state",
  "pk": 455
},
{
  "fields": {
    "country": 9,
    "name": "Sicilia"
  },
  "model": "user.state",
  "pk": 456
},
{
  "fields": {
    "country": 9,
    "name": "Trentino-Alto Adige\uff0cTrentino-S\u00fcdtirol"
  },
  "model": "user.state",
  "pk": 457
},
{
  "fields": {
    "country": 9,
    "name": "Toscana"
  },
  "model": "user.state",
  "pk": 458
},
{
  "fields": {
    "country": 9,
    "name": "Umbria"
  },
  "model": "user.state",
  "pk": 459
},
{
  "fields": {
    "country": 9,
    "name": "Veneto"
  },
  "model": "user.state",
  "pk": 460
},
{
  "fields": {
    "country": 23,
    "name": "\u041c\u043e\u0441\u043a\u0432\u0430"
  },
  "model": "user.state",
  "pk": 461
},
{
  "fields": {
    "country": 23,
    "name": "\u0421\u0430\u043d\u043a\u0442 \u041f\u0435\u0442\u0435\u0440\u0431\u0443\u0440\u0433"
  },
  "model": "user.state",
  "pk": 462
},
{
  "fields": {
    "country": 23,
    "name": "\u041d\u043e\u0432\u043e\u0441\u0438\u0431\u0438\u0440\u0441\u043a"
  },
  "model": "user.state",
  "pk": 463
},
{
  "fields": {
    "country": 23,
    "name": "\u0415\u043a\u0430\u0442\u0435\u0440\u0438\u043d\u0431\u0443\u0440\u0433"
  },
  "model": "user.state",
  "pk": 464
},
{
  "fields": {
    "country": 23,
    "name": "\u041d\u0438\u0436\u043d\u0438\u0439\u041d\u043e\u0432\u0433\u043e\u0440\u043e\u0434"
  },
  "model": "user.state",
  "pk": 465
},
{
  "fields": {
    "country": 23,
    "name": "\u0421\u0430\u043c\u0430\u0440\u0430"
  },
  "model": "user.state",
  "pk": 466
},
{
  "fields": {
    "country": 23,
    "name": "\u041e\u043c\u0441\u043a"
  },
  "model": "user.state",
  "pk": 467
},
{
  "fields": {
    "country": 23,
    "name": "\u041a\u0430\u0437\u0430\u043d\u044c"
  },
  "model": "user.state",
  "pk": 468
},
{
  "fields": {
    "country": 23,
    "name": "\u0427\u0435\u043b\u044f\u0431\u0438\u043d\u0441\u043a"
  },
  "model": "user.state",
  "pk": 469
},
{
  "fields": {
    "country": 23,
    "name": "\u0420\u043e\u0441\u0442\u043e\u0432 \u043d\u0430 \u0414\u043e\u043d\u0443"
  },
  "model": "user.state",
  "pk": 470
},
{
  "fields": {
    "country": 23,
    "name": "\u0423\u0444\u0430"
  },
  "model": "user.state",
  "pk": 471
},
{
  "fields": {
    "country": 23,
    "name": "\u0412\u043e\u043b\u0433\u043e\u0433\u0440\u0430\u0434"
  },
  "model": "user.state",
  "pk": 472
},
{
  "fields": {
    "country": 23,
    "name": "\u041f\u0435\u0440\u043c\u044c"
  },
  "model": "user.state",
  "pk": 473
},
{
  "fields": {
    "country": 23,
    "name": "\u041a\u0440\u0430\u0441\u043d\u043e\u044f\u0440\u0441\u043a"
  },
  "model": "user.state",
  "pk": 474
},
{
  "fields": {
    "country": 23,
    "name": "\u0412\u043e\u0440\u043e\u043d\u0435\u0436"
  },
  "model": "user.state",
  "pk": 475
},
{
  "fields": {
    "country": 23,
    "name": "\u0421\u0430\u0440\u0430\u0442\u043e\u0432"
  },
  "model": "user.state",
  "pk": 476
},
{
  "fields": {
    "country": 23,
    "name": "\u041a\u0440\u0430\u0441\u043d\u043e\u0434\u0430\u0440"
  },
  "model": "user.state",
  "pk": 477
},
{
  "fields": {
    "country": 23,
    "name": "\u0422\u043e\u043b\u044c\u044f\u0442\u0442\u0438"
  },
  "model": "user.state",
  "pk": 478
},
{
  "fields": {
    "country": 23,
    "name": "\u0418\u0436\u0435\u0432\u0441\u043a"
  },
  "model": "user.state",
  "pk": 479
},
{
  "fields": {
    "country": 23,
    "name": "\u0423\u043b\u044c\u044f\u043d\u043e\u0432\u0441\u043a"
  },
  "model": "user.state",
  "pk": 480
},
{
  "fields": {
    "country": 23,
    "name": "\u0411\u0430\u0440\u043d\u0430\u0443\u043b"
  },
  "model": "user.state",
  "pk": 481
},
{
  "fields": {
    "country": 23,
    "name": "\u0412\u043b\u0430\u0434\u0438\u0432\u043e\u0441\u0442\u043e\u043a"
  },
  "model": "user.state",
  "pk": 482
},
{
  "fields": {
    "country": 3,
    "name": "Alberta"
  },
  "model": "user.state",
  "pk": 483
},
{
  "fields": {
    "country": 3,
    "name": "British Columbia"
  },
  "model": "user.state",
  "pk": 484
},
{
  "fields": {
    "country": 3,
    "name": "Manitoba"
  },
  "model": "user.state",
  "pk": 485
},
{
  "fields": {
    "country": 3,
    "name": "Newfoundland and Labrador"
  },
  "model": "user.state",
  "pk": 486
},
{
  "fields": {
    "country": 3,
    "name": "New Brunswick"
  },
  "model": "user.state",
  "pk": 487
},
{
  "fields": {
    "country": 3,
    "name": "Nova Scotia"
  },
  "model": "user.state",
  "pk": 488
},
{
  "fields": {
    "country": 3,
    "name": "Ontario"
  },
  "model": "user.state",
  "pk": 489
},
{
  "fields": {
    "country": 3,
    "name": "Prince Edward Island"
  },
  "model": "user.state",
  "pk": 490
},
{
  "fields": {
    "country": 3,
    "name": "Quebec"
  },
  "model": "user.state",
  "pk": 491
},
{
  "fields": {
    "country": 3,
    "name": "Saskatchewan"
  },
  "model": "user.state",
  "pk": 492
},
{
  "fields": {
    "country": 3,
    "name": "Nunavut"
  },
  "model": "user.state",
  "pk": 493
},
{
  "fields": {
    "country": 3,
    "name": "Northwest Territories"
  },
  "model": "user.state",
  "pk": 494
},
{
  "fields": {
    "country": 3,
    "name": "Yukon"
  },
  "model": "user.state",
  "pk": 495
},
{
  "fields": {
    "country": 22,
    "name": "Aveiro"
  },
  "model": "user.state",
  "pk": 496
},
{
  "fields": {
    "country": 22,
    "name": "Beja"
  },
  "model": "user.state",
  "pk": 497
},
{
  "fields": {
    "country": 22,
    "name": "Braga"
  },
  "model": "user.state",
  "pk": 498
},
{
  "fields": {
    "country": 22,
    "name": "Bragan\u00e7a"
  },
  "model": "user.state",
  "pk": 499
},
{
  "fields": {
    "country": 22,
    "name": "Castelo Branco"
  },
  "model": "user.state",
  "pk": 500
},
{
  "fields": {
    "country": 22,
    "name": "Coimbra"
  },
  "model": "user.state",
  "pk": 501
},
{
  "fields": {
    "country": 22,
    "name": "\u00c9vora"
  },
  "model": "user.state",
  "pk": 502
},
{
  "fields": {
    "country": 22,
    "name": "Faro"
  },
  "model": "user.state",
  "pk": 503
},
{
  "fields": {
    "country": 22,
    "name": "Guarda"
  },
  "model": "user.state",
  "pk": 504
},
{
  "fields": {
    "country": 22,
    "name": "Leiria"
  },
  "model": "user.state",
  "pk": 505
},
{
  "fields": {
    "country": 22,
    "name": "Lisboa"
  },
  "model": "user.state",
  "pk": 506
},
{
  "fields": {
    "country": 22,
    "name": "Portalegre"
  },
  "model": "user.state",
  "pk": 507
},
{
  "fields": {
    "country": 22,
    "name": "Porto"
  },
  "model": "user.state",
  "pk": 508
},
{
  "fields": {
    "country": 22,
    "name": "Santar\u00e9m"
  },
  "model": "user.state",
  "pk": 509
},
{
  "fields": {
    "country": 22,
    "name": "Setubal"
  },
  "model": "user.state",
  "pk": 510
},
{
  "fields": {
    "country": 22,
    "name": "Viana do Castelo"
  },
  "model": "user.state",
  "pk": 511
},
{
  "fields": {
    "country": 22,
    "name": "Vila Real"
  },
  "model": "user.state",
  "pk": 512
},
{
  "fields": {
    "country": 22,
    "name": "Viseu"
  },
  "model": "user.state",
  "pk": 513
},
{
  "fields": {
    "country": 28,
    "name": "Chiang Mai"
  },
  "model": "user.state",
  "pk": 514
},
{
  "fields": {
    "country": 28,
    "name": "Chiang Rai"
  },
  "model": "user.state",
  "pk": 515
},
{
  "fields": {
    "country": 28,
    "name": "Kamphaeng Phet"
  },
  "model": "user.state",
  "pk": 516
},
{
  "fields": {
    "country": 28,
    "name": "Lampang"
  },
  "model": "user.state",
  "pk": 517
},
{
  "fields": {
    "country": 28,
    "name": "Lamphun"
  },
  "model": "user.state",
  "pk": 518
},
{
  "fields": {
    "country": 28,
    "name": "Mae Hong Son"
  },
  "model": "user.state",
  "pk": 519
},
{
  "fields": {
    "country": 28,
    "name": "Nakhon Sawan"
  },
  "model": "user.state",
  "pk": 520
},
{
  "fields": {
    "country": 28,
    "name": "Nan"
  },
  "model": "user.state",
  "pk": 521
},
{
  "fields": {
    "country": 28,
    "name": "Phayao"
  },
  "model": "user.state",
  "pk": 522
},
{
  "fields": {
    "country": 28,
    "name": "Phetchabun"
  },
  "model": "user.state",
  "pk": 523
},
{
  "fields": {
    "country": 28,
    "name": "Phichit"
  },
  "model": "user.state",
  "pk": 524
},
{
  "fields": {
    "country": 28,
    "name": "Phitsanulok"
  },
  "model": "user.state",
  "pk": 525
},
{
  "fields": {
    "country": 28,
    "name": "Phrae"
  },
  "model": "user.state",
  "pk": 526
},
{
  "fields": {
    "country": 28,
    "name": "Sukhothai"
  },
  "model": "user.state",
  "pk": 527
},
{
  "fields": {
    "country": 28,
    "name": "Tak"
  },
  "model": "user.state",
  "pk": 528
},
{
  "fields": {
    "country": 28,
    "name": "Uthai Thani"
  },
  "model": "user.state",
  "pk": 529
},
{
  "fields": {
    "country": 28,
    "name": "Uttaradit"
  },
  "model": "user.state",
  "pk": 530
},
{
  "fields": {
    "country": 28,
    "name": "Amnat Charoen"
  },
  "model": "user.state",
  "pk": 531
},
{
  "fields": {
    "country": 28,
    "name": "Buriram"
  },
  "model": "user.state",
  "pk": 532
},
{
  "fields": {
    "country": 28,
    "name": "Chaiyaphum"
  },
  "model": "user.state",
  "pk": 533
},
{
  "fields": {
    "country": 28,
    "name": "Kalasin"
  },
  "model": "user.state",
  "pk": 534
},
{
  "fields": {
    "country": 28,
    "name": "Khon Kaen"
  },
  "model": "user.state",
  "pk": 535
},
{
  "fields": {
    "country": 28,
    "name": "Loei"
  },
  "model": "user.state",
  "pk": 536
},
{
  "fields": {
    "country": 28,
    "name": "Maha Sarakham"
  },
  "model": "user.state",
  "pk": 537
},
{
  "fields": {
    "country": 28,
    "name": "Mukdahan"
  },
  "model": "user.state",
  "pk": 538
},
{
  "fields": {
    "country": 28,
    "name": "Nakhon Phanom"
  },
  "model": "user.state",
  "pk": 539
},
{
  "fields": {
    "country": 28,
    "name": "Nakhon Ratchasima"
  },
  "model": "user.state",
  "pk": 540
},
{
  "fields": {
    "country": 28,
    "name": "Nong Bua Lamphu"
  },
  "model": "user.state",
  "pk": 541
},
{
  "fields": {
    "country": 28,
    "name": "Nong Khai"
  },
  "model": "user.state",
  "pk": 542
},
{
  "fields": {
    "country": 28,
    "name": "Roi Et"
  },
  "model": "user.state",
  "pk": 543
},
{
  "fields": {
    "country": 28,
    "name": "Sakon Nakhon"
  },
  "model": "user.state",
  "pk": 544
},
{
  "fields": {
    "country": 28,
    "name": "Si Sa Ket"
  },
  "model": "user.state",
  "pk": 545
},
{
  "fields": {
    "country": 28,
    "name": "Surin"
  },
  "model": "user.state",
  "pk": 546
},
{
  "fields": {
    "country": 28,
    "name": "Ubon Ratchathani"
  },
  "model": "user.state",
  "pk": 547
},
{
  "fields": {
    "country": 28,
    "name": "Udon Thani"
  },
  "model": "user.state",
  "pk": 548
},
{
  "fields": {
    "country": 28,
    "name": "Yasothon"
  },
  "model": "user.state",
  "pk": 549
},
{
  "fields": {
    "country": 28,
    "name": "Bueng Kan"
  },
  "model": "user.state",
  "pk": 550
},
{
  "fields": {
    "country": 28,
    "name": "Chachoengsao"
  },
  "model": "user.state",
  "pk": 551
},
{
  "fields": {
    "country": 28,
    "name": "Chanthaburi"
  },
  "model": "user.state",
  "pk": 552
},
{
  "fields": {
    "country": 28,
    "name": "Chon Buri"
  },
  "model": "user.state",
  "pk": 553
},
{
  "fields": {
    "country": 28,
    "name": "Prachin Buri"
  },
  "model": "user.state",
  "pk": 554
},
{
  "fields": {
    "country": 28,
    "name": "Rayong"
  },
  "model": "user.state",
  "pk": 555
},
{
  "fields": {
    "country": 28,
    "name": "Sa Kaeo"
  },
  "model": "user.state",
  "pk": 556
},
{
  "fields": {
    "country": 28,
    "name": "Trat"
  },
  "model": "user.state",
  "pk": 557
},
{
  "fields": {
    "country": 28,
    "name": "Ang Thong"
  },
  "model": "user.state",
  "pk": 558
},
{
  "fields": {
    "country": 28,
    "name": "Phra Nakhon Si Ayutthaya"
  },
  "model": "user.state",
  "pk": 559
},
{
  "fields": {
    "country": 28,
    "name": "Bangkok"
  },
  "model": "user.state",
  "pk": 560
},
{
  "fields": {
    "country": 28,
    "name": "Chai Nat"
  },
  "model": "user.state",
  "pk": 561
},
{
  "fields": {
    "country": 28,
    "name": "Kanchanaburi"
  },
  "model": "user.state",
  "pk": 562
},
{
  "fields": {
    "country": 28,
    "name": "Lop Buri"
  },
  "model": "user.state",
  "pk": 563
},
{
  "fields": {
    "country": 28,
    "name": "Nakhon Nayok"
  },
  "model": "user.state",
  "pk": 564
},
{
  "fields": {
    "country": 28,
    "name": "Nakhon Pathom"
  },
  "model": "user.state",
  "pk": 565
},
{
  "fields": {
    "country": 28,
    "name": "Nonthaburi"
  },
  "model": "user.state",
  "pk": 566
},
{
  "fields": {
    "country": 28,
    "name": "Pathum Thani"
  },
  "model": "user.state",
  "pk": 567
},
{
  "fields": {
    "country": 28,
    "name": "Phetchaburi"
  },
  "model": "user.state",
  "pk": 568
},
{
  "fields": {
    "country": 28,
    "name": "Phajubkirikun"
  },
  "model": "user.state",
  "pk": 569
},
{
  "fields": {
    "country": 28,
    "name": "Ratchaburi"
  },
  "model": "user.state",
  "pk": 570
},
{
  "fields": {
    "country": 28,
    "name": "Samut Prakan"
  },
  "model": "user.state",
  "pk": 571
},
{
  "fields": {
    "country": 28,
    "name": "Samut Sakhon"
  },
  "model": "user.state",
  "pk": 572
},
{
  "fields": {
    "country": 28,
    "name": "Samut Songkhram"
  },
  "model": "user.state",
  "pk": 573
},
{
  "fields": {
    "country": 28,
    "name": "Saraburi"
  },
  "model": "user.state",
  "pk": 574
},
{
  "fields": {
    "country": 28,
    "name": "Sing Buri"
  },
  "model": "user.state",
  "pk": 575
},
{
  "fields": {
    "country": 28,
    "name": "Suphan Buri"
  },
  "model": "user.state",
  "pk": 576
},
{
  "fields": {
    "country": 28,
    "name": "Chumphon"
  },
  "model": "user.state",
  "pk": 577
},
{
  "fields": {
    "country": 28,
    "name": "Krabi"
  },
  "model": "user.state",
  "pk": 578
},
{
  "fields": {
    "country": 28,
    "name": "Narathiwat"
  },
  "model": "user.state",
  "pk": 579
},
{
  "fields": {
    "country": 28,
    "name": "Nakhon Si Thammarat"
  },
  "model": "user.state",
  "pk": 580
},
{
  "fields": {
    "country": 28,
    "name": "Pattani"
  },
  "model": "user.state",
  "pk": 581
},
{
  "fields": {
    "country": 28,
    "name": "Phang Nga"
  },
  "model": "user.state",
  "pk": 582
},
{
  "fields": {
    "country": 28,
    "name": "Phatthalung"
  },
  "model": "user.state",
  "pk": 583
},
{
  "fields": {
    "country": 28,
    "name": "Phuket"
  },
  "model": "user.state",
  "pk": 584
},
{
  "fields": {
    "country": 28,
    "name": "Ranong"
  },
  "model": "user.state",
  "pk": 585
},
{
  "fields": {
    "country": 28,
    "name": "Satun"
  },
  "model": "user.state",
  "pk": 586
},
{
  "fields": {
    "country": 28,
    "name": "Songkhla"
  },
  "model": "user.state",
  "pk": 587
},
{
  "fields": {
    "country": 28,
    "name": "Surat Thani"
  },
  "model": "user.state",
  "pk": 588
},
{
  "fields": {
    "country": 28,
    "name": "Trang"
  },
  "model": "user.state",
  "pk": 589
},
{
  "fields": {
    "country": 28,
    "name": "Yala"
  },
  "model": "user.state",
  "pk": 590
},
{
  "fields": {
    "country": 2,
    "name": "Alabama"
  },
  "model": "user.state",
  "pk": 591
},
{
  "fields": {
    "country": 2,
    "name": "Alaska"
  },
  "model": "user.state",
  "pk": 592
},
{
  "fields": {
    "country": 2,
    "name": "Arizona"
  },
  "model": "user.state",
  "pk": 593
},
{
  "fields": {
    "country": 2,
    "name": "Arkansas"
  },
  "model": "user.state",
  "pk": 594
},
{
  "fields": {
    "country": 2,
    "name": "California"
  },
  "model": "user.state",
  "pk": 595
},
{
  "fields": {
    "country": 2,
    "name": "Colorado"
  },
  "model": "user.state",
  "pk": 596
},
{
  "fields": {
    "country": 2,
    "name": "Connecticut"
  },
  "model": "user.state",
  "pk": 597
},
{
  "fields": {
    "country": 2,
    "name": "Delaware"
  },
  "model": "user.state",
  "pk": 598
},
{
  "fields": {
    "country": 2,
    "name": "Florida"
  },
  "model": "user.state",
  "pk": 599
},
{
  "fields": {
    "country": 2,
    "name": "Georgia"
  },
  "model": "user.state",
  "pk": 600
},
{
  "fields": {
    "country": 2,
    "name": "Hawaii"
  },
  "model": "user.state",
  "pk": 601
},
{
  "fields": {
    "country": 2,
    "name": "Idaho"
  },
  "model": "user.state",
  "pk": 602
},
{
  "fields": {
    "country": 2,
    "name": "Illinois"
  },
  "model": "user.state",
  "pk": 603
},
{
  "fields": {
    "country": 2,
    "name": "Indiana"
  },
  "model": "user.state",
  "pk": 604
},
{
  "fields": {
    "country": 2,
    "name": "Iowa"
  },
  "model": "user.state",
  "pk": 605
},
{
  "fields": {
    "country": 2,
    "name": "Kansas"
  },
  "model": "user.state",
  "pk": 606
},
{
  "fields": {
    "country": 2,
    "name": "Kentucky"
  },
  "model": "user.state",
  "pk": 607
},
{
  "fields": {
    "country": 2,
    "name": "Louisiana"
  },
  "model": "user.state",
  "pk": 608
},
{
  "fields": {
    "country": 2,
    "name": "Maine"
  },
  "model": "user.state",
  "pk": 609
},
{
  "fields": {
    "country": 2,
    "name": "Maryland"
  },
  "model": "user.state",
  "pk": 610
},
{
  "fields": {
    "country": 2,
    "name": "Massachusetts"
  },
  "model": "user.state",
  "pk": 611
},
{
  "fields": {
    "country": 2,
    "name": "Michigan"
  },
  "model": "user.state",
  "pk": 612
},
{
  "fields": {
    "country": 2,
    "name": "Minnesota"
  },
  "model": "user.state",
  "pk": 613
},
{
  "fields": {
    "country": 2,
    "name": "Mississippi"
  },
  "model": "user.state",
  "pk": 614
},
{
  "fields": {
    "country": 2,
    "name": "Missouri"
  },
  "model": "user.state",
  "pk": 615
},
{
  "fields": {
    "country": 2,
    "name": "Montana"
  },
  "model": "user.state",
  "pk": 616
},
{
  "fields": {
    "country": 2,
    "name": "Nebraska"
  },
  "model": "user.state",
  "pk": 617
},
{
  "fields": {
    "country": 2,
    "name": "Nevada"
  },
  "model": "user.state",
  "pk": 618
},
{
  "fields": {
    "country": 2,
    "name": "New Hampshire"
  },
  "model": "user.state",
  "pk": 619
},
{
  "fields": {
    "country": 2,
    "name": "New Jersey"
  },
  "model": "user.state",
  "pk": 620
},
{
  "fields": {
    "country": 2,
    "name": "New Mexico"
  },
  "model": "user.state",
  "pk": 621
},
{
  "fields": {
    "country": 2,
    "name": "New York"
  },
  "model": "user.state",
  "pk": 622
},
{
  "fields": {
    "country": 2,
    "name": "North Carolina"
  },
  "model": "user.state",
  "pk": 623
},
{
  "fields": {
    "country": 2,
    "name": "North Dakota"
  },
  "model": "user.state",
  "pk": 624
},
{
  "fields": {
    "country": 2,
    "name": "Ohio"
  },
  "model": "user.state",
  "pk": 625
},
{
  "fields": {
    "country": 2,
    "name": "Oklahoma"
  },
  "model": "user.state",
  "pk": 626
},
{
  "fields": {
    "country": 2,
    "name": "Oregon"
  },
  "model": "user.state",
  "pk": 627
},
{
  "fields": {
    "country": 2,
    "name": "Pennsylvania"
  },
  "model": "user.state",
  "pk": 628
},
{
  "fields": {
    "country": 2,
    "name": "Rhode Island"
  },
  "model": "user.state",
  "pk": 629
},
{
  "fields": {
    "country": 2,
    "name": "South Carolina"
  },
  "model": "user.state",
  "pk": 630
},
{
  "fields": {
    "country": 2,
    "name": "South Dakota"
  },
  "model": "user.state",
  "pk": 631
},
{
  "fields": {
    "country": 2,
    "name": "Tennessee"
  },
  "model": "user.state",
  "pk": 632
},
{
  "fields": {
    "country": 2,
    "name": "Texas"
  },
  "model": "user.state",
  "pk": 633
},
{
  "fields": {
    "country": 2,
    "name": "Utah"
  },
  "model": "user.state",
  "pk": 634
},
{
  "fields": {
    "country": 2,
    "name": "Vermont"
  },
  "model": "user.state",
  "pk": 635
},
{
  "fields": {
    "country": 2,
    "name": "Virginia"
  },
  "model": "user.state",
  "pk": 636
},
{
  "fields": {
    "country": 2,
    "name": "Washington"
  },
  "model": "user.state",
  "pk": 637
},
{
  "fields": {
    "country": 2,
    "name": "West Virginia"
  },
  "model": "user.state",
  "pk": 638
},
{
  "fields": {
    "country": 2,
    "name": "Wisconsin"
  },
  "model": "user.state",
  "pk": 639
},
{
  "fields": {
    "country": 2,
    "name": "Wyoming"
  },
  "model": "user.state",
  "pk": 640
},
{
  "fields": {
    "country": 16,
    "name": "Ahvenanmaa"
  },
  "model": "user.state",
  "pk": 641
},
{
  "fields": {
    "country": 16,
    "name": "Etel\u00e4 Suomi"
  },
  "model": "user.state",
  "pk": 642
},
{
  "fields": {
    "country": 16,
    "name": "Uusimaa"
  },
  "model": "user.state",
  "pk": 643
},
{
  "fields": {
    "country": 16,
    "name": "It\u00e4 Uusimaa"
  },
  "model": "user.state",
  "pk": 644
},
{
  "fields": {
    "country": 16,
    "name": "Kanta H\u00e4me"
  },
  "model": "user.state",
  "pk": 645
},
{
  "fields": {
    "country": 16,
    "name": "p\u00e4ij\u00e4t H\u00e4me"
  },
  "model": "user.state",
  "pk": 646
},
{
  "fields": {
    "country": 16,
    "name": "Kymenlaakso"
  },
  "model": "user.state",
  "pk": 647
},
{
  "fields": {
    "country": 16,
    "name": "Etel\u00e4 Karjala"
  },
  "model": "user.state",
  "pk": 648
},
{
  "fields": {
    "country": 16,
    "name": "L\u00e4nsi Suomi"
  },
  "model": "user.state",
  "pk": 649
},
{
  "fields": {
    "country": 16,
    "name": "Varsinais Suomi"
  },
  "model": "user.state",
  "pk": 650
},
{
  "fields": {
    "country": 16,
    "name": "Satakunta"
  },
  "model": "user.state",
  "pk": 651
},
{
  "fields": {
    "country": 16,
    "name": "Pirkanmaa"
  },
  "model": "user.state",
  "pk": 652
},
{
  "fields": {
    "country": 16,
    "name": "Keski Suomi"
  },
  "model": "user.state",
  "pk": 653
},
{
  "fields": {
    "country": 16,
    "name": "Etel\u00e4 Pohjanmaa"
  },
  "model": "user.state",
  "pk": 654
},
{
  "fields": {
    "country": 16,
    "name": "Pohjanmaa"
  },
  "model": "user.state",
  "pk": 655
},
{
  "fields": {
    "country": 16,
    "name": "Keski Pohjanmaa"
  },
  "model": "user.state",
  "pk": 656
},
{
  "fields": {
    "country": 16,
    "name": "It\u00e4 Suomi"
  },
  "model": "user.state",
  "pk": 657
},
{
  "fields": {
    "country": 16,
    "name": "Etel\u00e4 Savo"
  },
  "model": "user.state",
  "pk": 658
},
{
  "fields": {
    "country": 16,
    "name": "Pohjois Savo"
  },
  "model": "user.state",
  "pk": 659
},
{
  "fields": {
    "country": 16,
    "name": "Pohjois Karjala"
  },
  "model": "user.state",
  "pk": 660
},
{
  "fields": {
    "country": 16,
    "name": "Oulu"
  },
  "model": "user.state",
  "pk": 661
},
{
  "fields": {
    "country": 16,
    "name": "Kainuu"
  },
  "model": "user.state",
  "pk": 662
},
{
  "fields": {
    "country": 16,
    "name": "Pohjois Pojanmaa"
  },
  "model": "user.state",
  "pk": 663
},
{
  "fields": {
    "country": 16,
    "name": "Lappi"
  },
  "model": "user.state",
  "pk": 664
},
{
  "fields": {
    "country": 16,
    "name": "Suomi"
  },
  "model": "user.state",
  "pk": 665
},
{
  "fields": {
    "country": 1,
    "name": "\u5317\u4eac\u5e02"
  },
  "model": "user.state",
  "pk": 666
},
{
  "fields": {
    "country": 1,
    "name": "\u5929\u6d25\u5e02"
  },
  "model": "user.state",
  "pk": 667
},
{
  "fields": {
    "country": 1,
    "name": "\u4e0a\u6d77\u5e02"
  },
  "model": "user.state",
  "pk": 668
},
{
  "fields": {
    "country": 1,
    "name": "\u91cd\u5e86\u5e02"
  },
  "model": "user.state",
  "pk": 669
},
{
  "fields": {
    "country": 1,
    "name": "\u53f0\u6e7e\u7701"
  },
  "model": "user.state",
  "pk": 670
},
{
  "fields": {
    "country": 1,
    "name": "\u9999\u6e2f\u7279\u522b\u884c\u653f\u533a"
  },
  "model": "user.state",
  "pk": 671
},
{
  "fields": {
    "country": 1,
    "name": "\u6fb3\u95e8\u7279\u522b\u884c\u653f\u533a"
  },
  "model": "user.state",
  "pk": 672
},
{
  "fields": {
    "country": 1,
    "name": "\u6cb3\u5317\u7701"
  },
  "model": "user.state",
  "pk": 673
},
{
  "fields": {
    "country": 1,
    "name": "\u5c71\u897f\u7701"
  },
  "model": "user.state",
  "pk": 674
},
{
  "fields": {
    "country": 1,
    "name": "\u5185\u8499\u53e4\u81ea\u6cbb\u533a"
  },
  "model": "user.state",
  "pk": 675
},
{
  "fields": {
    "country": 1,
    "name": "\u8fbd\u5b81\u7701"
  },
  "model": "user.state",
  "pk": 676
},
{
  "fields": {
    "country": 1,
    "name": "\u5409\u6797\u7701"
  },
  "model": "user.state",
  "pk": 677
},
{
  "fields": {
    "country": 1,
    "name": "\u9ed1\u9f99\u6c5f\u7701"
  },
  "model": "user.state",
  "pk": 678
},
{
  "fields": {
    "country": 1,
    "name": "\u6c5f\u82cf\u7701"
  },
  "model": "user.state",
  "pk": 679
},
{
  "fields": {
    "country": 1,
    "name": "\u6d59\u6c5f\u7701"
  },
  "model": "user.state",
  "pk": 680
},
{
  "fields": {
    "country": 1,
    "name": "\u5b89\u5fbd\u7701"
  },
  "model": "user.state",
  "pk": 681
},
{
  "fields": {
    "country": 1,
    "name": "\u798f\u5efa\u7701"
  },
  "model": "user.state",
  "pk": 682
},
{
  "fields": {
    "country": 1,
    "name": "\u6c5f\u897f\u7701"
  },
  "model": "user.state",
  "pk": 683
},
{
  "fields": {
    "country": 1,
    "name": "\u5c71\u4e1c\u7701"
  },
  "model": "user.state",
  "pk": 684
},
{
  "fields": {
    "country": 1,
    "name": "\u6cb3\u5357\u7701"
  },
  "model": "user.state",
  "pk": 685
},
{
  "fields": {
    "country": 1,
    "name": "\u6e56\u5317\u7701"
  },
  "model": "user.state",
  "pk": 686
},
{
  "fields": {
    "country": 1,
    "name": "\u6e56\u5357\u7701"
  },
  "model": "user.state",
  "pk": 687
},
{
  "fields": {
    "country": 1,
    "name": "\u5e7f\u4e1c\u7701"
  },
  "model": "user.state",
  "pk": 688
},
{
  "fields": {
    "country": 1,
    "name": "\u5e7f\u897f\u58ee\u65cf\u81ea\u6cbb\u533a"
  },
  "model": "user.state",
  "pk": 689
},
{
  "fields": {
    "country": 1,
    "name": "\u6d77\u5357\u7701"
  },
  "model": "user.state",
  "pk": 690
},
{
  "fields": {
    "country": 1,
    "name": "\u56db\u5ddd\u7701"
  },
  "model": "user.state",
  "pk": 691
},
{
  "fields": {
    "country": 1,
    "name": "\u8d35\u5dde\u7701"
  },
  "model": "user.state",
  "pk": 692
},
{
  "fields": {
    "country": 1,
    "name": "\u4e91\u5357\u7701"
  },
  "model": "user.state",
  "pk": 693
},
{
  "fields": {
    "country": 1,
    "name": "\u897f\u85cf\u81ea\u6cbb\u533a"
  },
  "model": "user.state",
  "pk": 694
},
{
  "fields": {
    "country": 1,
    "name": "\u9655\u897f\u7701"
  },
  "model": "user.state",
  "pk": 695
},
{
  "fields": {
    "country": 1,
    "name": "\u7518\u8083\u7701"
  },
  "model": "user.state",
  "pk": 696
},
{
  "fields": {
    "country": 1,
    "name": "\u9752\u6d77\u7701"
  },
  "model": "user.state",
  "pk": 697
},
{
  "fields": {
    "country": 1,
    "name": "\u5b81\u590f\u56de\u65cf\u81ea\u6cbb\u533a"
  },
  "model": "user.state",
  "pk": 698
},
{
  "fields": {
    "country": 1,
    "name": "\u65b0\u7586\u7ef4\u543e\u5c14\u81ea\u6cbb\u533a"
  },
  "model": "user.state",
  "pk": 699
},
{
  "fields": {
    "state": 695,
    "name": "\u897f\u5b89\u5e02"
  },
  "model": "user.city",
  "pk": 1
},
{
  "fields": {
    "state": 695,
    "name": "\u94dc\u5ddd\u5e02"
  },
  "model": "user.city",
  "pk": 2
},
{
  "fields": {
    "state": 695,
    "name": "\u5b9d\u9e21\u5e02"
  },
  "model": "user.city",
  "pk": 3
},
{
  "fields": {
    "state": 695,
    "name": "\u54b8\u9633\u5e02"
  },
  "model": "user.city",
  "pk": 4
},
{
  "fields": {
    "state": 695,
    "name": "\u6e2d\u5357\u5e02"
  },
  "model": "user.city",
  "pk": 5
},
{
  "fields": {
    "state": 695,
    "name": "\u5ef6\u5b89\u5e02"
  },
  "model": "user.city",
  "pk": 6
},
{
  "fields": {
    "state": 695,
    "name": "\u6c49\u4e2d\u5e02"
  },
  "model": "user.city",
  "pk": 7
},
{
  "fields": {
    "state": 695,
    "name": "\u6986\u6797\u5e02"
  },
  "model": "user.city",
  "pk": 8
},
{
  "fields": {
    "state": 695,
    "name": "\u5b89\u5eb7\u5e02"
  },
  "model": "user.city",
  "pk": 9
},
{
  "fields": {
    "state": 695,
    "name": "\u5546\u6d1b\u5e02"
  },
  "model": "user.city",
  "pk": 10
},
{
  "fields": {
    "state": 690,
    "name": "\u6d77\u53e3\u5e02"
  },
  "model": "user.city",
  "pk": 11
},
{
  "fields": {
    "state": 690,
    "name": "\u4e09\u4e9a\u5e02"
  },
  "model": "user.city",
  "pk": 12
},
{
  "fields": {
    "state": 690,
    "name": "\u4e09\u6c99\u5e02"
  },
  "model": "user.city",
  "pk": 13
},
{
  "fields": {
    "state": 690,
    "name": "\u767d\u6c99\u9ece\u65cf\u81ea\u6cbb\u53bf"
  },
  "model": "user.city",
  "pk": 14
},
{
  "fields": {
    "state": 690,
    "name": "\u9675\u6c34\u9ece\u65cf\u81ea\u6cbb\u53bf"
  },
  "model": "user.city",
  "pk": 15
},
{
  "fields": {
    "state": 690,
    "name": "\u4e50\u4e1c\u9ece\u65cf\u81ea\u6cbb\u53bf"
  },
  "model": "user.city",
  "pk": 16
},
{
  "fields": {
    "state": 690,
    "name": "\u4e94\u6307\u5c71\u5e02"
  },
  "model": "user.city",
  "pk": 17
},
{
  "fields": {
    "state": 690,
    "name": "\u4e07\u5b81\u5e02"
  },
  "model": "user.city",
  "pk": 18
},
{
  "fields": {
    "state": 690,
    "name": "\u4e1c\u65b9\u5e02"
  },
  "model": "user.city",
  "pk": 19
},
{
  "fields": {
    "state": 690,
    "name": "\u6587\u660c\u5e02"
  },
  "model": "user.city",
  "pk": 20
},
{
  "fields": {
    "state": 690,
    "name": "\u743c\u6d77\u5e02"
  },
  "model": "user.city",
  "pk": 21
},
{
  "fields": {
    "state": 690,
    "name": "\u4fdd\u4ead\u9ece\u65cf\u82d7\u65cf\u81ea\u6cbb\u53bf"
  },
  "model": "user.city",
  "pk": 22
},
{
  "fields": {
    "state": 690,
    "name": "\u660c\u6c5f\u9ece\u65cf\u81ea\u6cbb\u53bf"
  },
  "model": "user.city",
  "pk": 23
},
{
  "fields": {
    "state": 690,
    "name": "\u5c6f\u660c\u53bf"
  },
  "model": "user.city",
  "pk": 24
},
{
  "fields": {
    "state": 690,
    "name": "\u5b9a\u5b89\u53bf"
  },
  "model": "user.city",
  "pk": 25
},
{
  "fields": {
    "state": 690,
    "name": "\u510b\u5dde\u5e02"
  },
  "model": "user.city",
  "pk": 26
},
{
  "fields": {
    "state": 690,
    "name": "\u4e34\u9ad8\u53bf"
  },
  "model": "user.city",
  "pk": 27
},
{
  "fields": {
    "state": 690,
    "name": "\u6f84\u8fc8\u53bf"
  },
  "model": "user.city",
  "pk": 28
},
{
  "fields": {
    "state": 690,
    "name": "\u743c\u4e2d\u9ece\u65cf\u82d7\u65cf\u81ea\u6cbb\u53bf"
  },
  "model": "user.city",
  "pk": 29
},
{
  "fields": {
    "state": 689,
    "name": "\u5357\u5b81\u5e02"
  },
  "model": "user.city",
  "pk": 30
},
{
  "fields": {
    "state": 689,
    "name": "\u67f3\u5dde\u5e02"
  },
  "model": "user.city",
  "pk": 31
},
{
  "fields": {
    "state": 689,
    "name": "\u6842\u6797\u5e02"
  },
  "model": "user.city",
  "pk": 32
},
{
  "fields": {
    "state": 689,
    "name": "\u68a7\u5dde\u5e02"
  },
  "model": "user.city",
  "pk": 33
},
{
  "fields": {
    "state": 689,
    "name": "\u5317\u6d77\u5e02"
  },
  "model": "user.city",
  "pk": 34
},
{
  "fields": {
    "state": 689,
    "name": "\u9632\u57ce\u6e2f\u5e02"
  },
  "model": "user.city",
  "pk": 35
},
{
  "fields": {
    "state": 689,
    "name": "\u94a6\u5dde\u5e02"
  },
  "model": "user.city",
  "pk": 36
},
{
  "fields": {
    "state": 689,
    "name": "\u8d35\u6e2f\u5e02"
  },
  "model": "user.city",
  "pk": 37
},
{
  "fields": {
    "state": 689,
    "name": "\u7389\u6797\u5e02"
  },
  "model": "user.city",
  "pk": 38
},
{
  "fields": {
    "state": 689,
    "name": "\u767e\u8272\u5e02"
  },
  "model": "user.city",
  "pk": 39
},
{
  "fields": {
    "state": 689,
    "name": "\u8d3a\u5dde\u5e02"
  },
  "model": "user.city",
  "pk": 40
},
{
  "fields": {
    "state": 689,
    "name": "\u6cb3\u6c60\u5e02"
  },
  "model": "user.city",
  "pk": 41
},
{
  "fields": {
    "state": 689,
    "name": "\u6765\u5bbe\u5e02"
  },
  "model": "user.city",
  "pk": 42
},
{
  "fields": {
    "state": 689,
    "name": "\u5d07\u5de6\u5e02"
  },
  "model": "user.city",
  "pk": 43
},
{
  "fields": {
    "state": 674,
    "name": "\u592a\u539f\u5e02"
  },
  "model": "user.city",
  "pk": 44
},
{
  "fields": {
    "state": 674,
    "name": "\u5927\u540c\u5e02"
  },
  "model": "user.city",
  "pk": 45
},
{
  "fields": {
    "state": 674,
    "name": "\u9633\u6cc9\u5e02"
  },
  "model": "user.city",
  "pk": 46
},
{
  "fields": {
    "state": 674,
    "name": "\u957f\u6cbb\u5e02"
  },
  "model": "user.city",
  "pk": 47
},
{
  "fields": {
    "state": 674,
    "name": "\u664b\u57ce\u5e02"
  },
  "model": "user.city",
  "pk": 48
},
{
  "fields": {
    "state": 674,
    "name": "\u6714\u5dde\u5e02"
  },
  "model": "user.city",
  "pk": 49
},
{
  "fields": {
    "state": 674,
    "name": "\u664b\u4e2d\u5e02"
  },
  "model": "user.city",
  "pk": 50
},
{
  "fields": {
    "state": 674,
    "name": "\u8fd0\u57ce\u5e02"
  },
  "model": "user.city",
  "pk": 51
},
{
  "fields": {
    "state": 674,
    "name": "\u5ffb\u5dde\u5e02"
  },
  "model": "user.city",
  "pk": 52
},
{
  "fields": {
    "state": 674,
    "name": "\u4e34\u6c7e\u5e02"
  },
  "model": "user.city",
  "pk": 53
},
{
  "fields": {
    "state": 674,
    "name": "\u5415\u6881\u5e02"
  },
  "model": "user.city",
  "pk": 54
},
{
  "fields": {
    "state": 678,
    "name": "\u54c8\u5c14\u6ee8\u5e02"
  },
  "model": "user.city",
  "pk": 55
},
{
  "fields": {
    "state": 678,
    "name": "\u9f50\u9f50\u54c8\u5c14\u5e02"
  },
  "model": "user.city",
  "pk": 56
},
{
  "fields": {
    "state": 678,
    "name": "\u9e21\u897f\u5e02"
  },
  "model": "user.city",
  "pk": 57
},
{
  "fields": {
    "state": 678,
    "name": "\u9e64\u5c97\u5e02"
  },
  "model": "user.city",
  "pk": 58
},
{
  "fields": {
    "state": 678,
    "name": "\u53cc\u9e2d\u5c71\u5e02"
  },
  "model": "user.city",
  "pk": 59
},
{
  "fields": {
    "state": 678,
    "name": "\u5927\u5e86\u5e02"
  },
  "model": "user.city",
  "pk": 60
},
{
  "fields": {
    "state": 678,
    "name": "\u4f0a\u6625\u5e02"
  },
  "model": "user.city",
  "pk": 61
},
{
  "fields": {
    "state": 678,
    "name": "\u4f73\u6728\u65af\u5e02"
  },
  "model": "user.city",
  "pk": 62
},
{
  "fields": {
    "state": 678,
    "name": "\u4e03\u53f0\u6cb3\u5e02"
  },
  "model": "user.city",
  "pk": 63
},
{
  "fields": {
    "state": 678,
    "name": "\u7261\u4e39\u6c5f\u5e02"
  },
  "model": "user.city",
  "pk": 64
},
{
  "fields": {
    "state": 678,
    "name": "\u9ed1\u6cb3\u5e02"
  },
  "model": "user.city",
  "pk": 65
},
{
  "fields": {
    "state": 678,
    "name": "\u7ee5\u5316\u5e02"
  },
  "model": "user.city",
  "pk": 66
},
{
  "fields": {
    "state": 678,
    "name": "\u5927\u5174\u5b89\u5cad\u5730\u533a"
  },
  "model": "user.city",
  "pk": 67
},
{
  "fields": {
    "state": 679,
    "name": "\u5357\u4eac\u5e02"
  },
  "model": "user.city",
  "pk": 68
},
{
  "fields": {
    "state": 679,
    "name": "\u65e0\u9521\u5e02"
  },
  "model": "user.city",
  "pk": 69
},
{
  "fields": {
    "state": 679,
    "name": "\u5f90\u5dde\u5e02"
  },
  "model": "user.city",
  "pk": 70
},
{
  "fields": {
    "state": 679,
    "name": "\u5e38\u5dde\u5e02"
  },
  "model": "user.city",
  "pk": 71
},
{
  "fields": {
    "state": 679,
    "name": "\u82cf\u5dde\u5e02"
  },
  "model": "user.city",
  "pk": 72
},
{
  "fields": {
    "state": 679,
    "name": "\u5357\u901a\u5e02"
  },
  "model": "user.city",
  "pk": 73
},
{
  "fields": {
    "state": 679,
    "name": "\u8fde\u4e91\u6e2f\u5e02"
  },
  "model": "user.city",
  "pk": 74
},
{
  "fields": {
    "state": 679,
    "name": "\u6dee\u5b89\u5e02"
  },
  "model": "user.city",
  "pk": 75
},
{
  "fields": {
    "state": 679,
    "name": "\u76d0\u57ce\u5e02"
  },
  "model": "user.city",
  "pk": 76
},
{
  "fields": {
    "state": 679,
    "name": "\u626c\u5dde\u5e02"
  },
  "model": "user.city",
  "pk": 77
},
{
  "fields": {
    "state": 679,
    "name": "\u9547\u6c5f\u5e02"
  },
  "model": "user.city",
  "pk": 78
},
{
  "fields": {
    "state": 679,
    "name": "\u6cf0\u5dde\u5e02"
  },
  "model": "user.city",
  "pk": 79
},
{
  "fields": {
    "state": 679,
    "name": "\u5bbf\u8fc1\u5e02"
  },
  "model": "user.city",
  "pk": 80
},
{
  "fields": {
    "state": 680,
    "name": "\u676d\u5dde\u5e02"
  },
  "model": "user.city",
  "pk": 81
},
{
  "fields": {
    "state": 680,
    "name": "\u5b81\u6ce2\u5e02"
  },
  "model": "user.city",
  "pk": 82
},
{
  "fields": {
    "state": 680,
    "name": "\u6e29\u5dde\u5e02"
  },
  "model": "user.city",
  "pk": 83
},
{
  "fields": {
    "state": 680,
    "name": "\u5609\u5174\u5e02"
  },
  "model": "user.city",
  "pk": 84
},
{
  "fields": {
    "state": 680,
    "name": "\u6e56\u5dde\u5e02"
  },
  "model": "user.city",
  "pk": 85
},
{
  "fields": {
    "state": 680,
    "name": "\u7ecd\u5174\u5e02"
  },
  "model": "user.city",
  "pk": 86
},
{
  "fields": {
    "state": 680,
    "name": "\u91d1\u534e\u5e02"
  },
  "model": "user.city",
  "pk": 87
},
{
  "fields": {
    "state": 680,
    "name": "\u8862\u5dde\u5e02"
  },
  "model": "user.city",
  "pk": 88
},
{
  "fields": {
    "state": 680,
    "name": "\u821f\u5c71\u5e02"
  },
  "model": "user.city",
  "pk": 89
},
{
  "fields": {
    "state": 680,
    "name": "\u53f0\u5dde\u5e02"
  },
  "model": "user.city",
  "pk": 90
},
{
  "fields": {
    "state": 680,
    "name": "\u4e3d\u6c34\u5e02"
  },
  "model": "user.city",
  "pk": 91
},
{
  "fields": {
    "state": 685,
    "name": "\u90d1\u5dde\u5e02"
  },
  "model": "user.city",
  "pk": 92
},
{
  "fields": {
    "state": 685,
    "name": "\u5f00\u5c01\u5e02"
  },
  "model": "user.city",
  "pk": 93
},
{
  "fields": {
    "state": 685,
    "name": "\u6d1b\u9633\u5e02"
  },
  "model": "user.city",
  "pk": 94
},
{
  "fields": {
    "state": 685,
    "name": "\u5e73\u9876\u5c71\u5e02"
  },
  "model": "user.city",
  "pk": 95
},
{
  "fields": {
    "state": 685,
    "name": "\u5b89\u9633\u5e02"
  },
  "model": "user.city",
  "pk": 96
},
{
  "fields": {
    "state": 685,
    "name": "\u9e64\u58c1\u5e02"
  },
  "model": "user.city",
  "pk": 97
},
{
  "fields": {
    "state": 685,
    "name": "\u65b0\u4e61\u5e02"
  },
  "model": "user.city",
  "pk": 98
},
{
  "fields": {
    "state": 685,
    "name": "\u7126\u4f5c\u5e02"
  },
  "model": "user.city",
  "pk": 99
},
{
  "fields": {
    "state": 685,
    "name": "\u6fee\u9633\u5e02"
  },
  "model": "user.city",
  "pk": 100
},
{
  "fields": {
    "state": 685,
    "name": "\u8bb8\u660c\u5e02"
  },
  "model": "user.city",
  "pk": 101
},
{
  "fields": {
    "state": 685,
    "name": "\u6f2f\u6cb3\u5e02"
  },
  "model": "user.city",
  "pk": 102
},
{
  "fields": {
    "state": 685,
    "name": "\u4e09\u95e8\u5ce1\u5e02"
  },
  "model": "user.city",
  "pk": 103
},
{
  "fields": {
    "state": 685,
    "name": "\u5357\u9633\u5e02"
  },
  "model": "user.city",
  "pk": 104
},
{
  "fields": {
    "state": 685,
    "name": "\u5546\u4e18\u5e02"
  },
  "model": "user.city",
  "pk": 105
},
{
  "fields": {
    "state": 685,
    "name": "\u4fe1\u9633\u5e02"
  },
  "model": "user.city",
  "pk": 106
},
{
  "fields": {
    "state": 685,
    "name": "\u5468\u53e3\u5e02"
  },
  "model": "user.city",
  "pk": 107
},
{
  "fields": {
    "state": 685,
    "name": "\u9a7b\u9a6c\u5e97\u5e02"
  },
  "model": "user.city",
  "pk": 108
},
{
  "fields": {
    "state": 685,
    "name": "\u6d4e\u6e90\u5e02"
  },
  "model": "user.city",
  "pk": 109
},
{
  "fields": {
    "state": 683,
    "name": "\u5357\u660c\u5e02"
  },
  "model": "user.city",
  "pk": 110
},
{
  "fields": {
    "state": 683,
    "name": "\u666f\u5fb7\u9547\u5e02"
  },
  "model": "user.city",
  "pk": 111
},
{
  "fields": {
    "state": 683,
    "name": "\u840d\u4e61\u5e02"
  },
  "model": "user.city",
  "pk": 112
},
{
  "fields": {
    "state": 683,
    "name": "\u4e5d\u6c5f\u5e02"
  },
  "model": "user.city",
  "pk": 113
},
{
  "fields": {
    "state": 683,
    "name": "\u65b0\u4f59\u5e02"
  },
  "model": "user.city",
  "pk": 114
},
{
  "fields": {
    "state": 683,
    "name": "\u9e70\u6f6d\u5e02"
  },
  "model": "user.city",
  "pk": 115
},
{
  "fields": {
    "state": 683,
    "name": "\u8d63\u5dde\u5e02"
  },
  "model": "user.city",
  "pk": 116
},
{
  "fields": {
    "state": 683,
    "name": "\u5409\u5b89\u5e02"
  },
  "model": "user.city",
  "pk": 117
},
{
  "fields": {
    "state": 683,
    "name": "\u5b9c\u6625\u5e02"
  },
  "model": "user.city",
  "pk": 118
},
{
  "fields": {
    "state": 683,
    "name": "\u629a\u5dde\u5e02"
  },
  "model": "user.city",
  "pk": 119
},
{
  "fields": {
    "state": 683,
    "name": "\u4e0a\u9976\u5e02"
  },
  "model": "user.city",
  "pk": 120
},
{
  "fields": {
    "state": 697,
    "name": "\u897f\u5b81\u5e02"
  },
  "model": "user.city",
  "pk": 121
},
{
  "fields": {
    "state": 697,
    "name": "\u6d77\u4e1c\u5e02"
  },
  "model": "user.city",
  "pk": 122
},
{
  "fields": {
    "state": 697,
    "name": "\u6d77\u5317\u85cf\u65cf\u81ea\u6cbb\u5dde"
  },
  "model": "user.city",
  "pk": 123
},
{
  "fields": {
    "state": 697,
    "name": "\u9ec4\u5357\u85cf\u65cf\u81ea\u6cbb\u5dde"
  },
  "model": "user.city",
  "pk": 124
},
{
  "fields": {
    "state": 697,
    "name": "\u6d77\u5357\u85cf\u65cf\u81ea\u6cbb\u5dde"
  },
  "model": "user.city",
  "pk": 125
},
{
  "fields": {
    "state": 697,
    "name": "\u679c\u6d1b\u85cf\u65cf\u81ea\u6cbb\u5dde"
  },
  "model": "user.city",
  "pk": 126
},
{
  "fields": {
    "state": 697,
    "name": "\u7389\u6811\u85cf\u65cf\u81ea\u6cbb\u5dde"
  },
  "model": "user.city",
  "pk": 127
},
{
  "fields": {
    "state": 697,
    "name": "\u6d77\u897f\u8499\u53e4\u65cf\u85cf\u65cf\u81ea\u6cbb\u5dde"
  },
  "model": "user.city",
  "pk": 128
},
{
  "fields": {
    "state": 687,
    "name": "\u957f\u6c99\u5e02"
  },
  "model": "user.city",
  "pk": 129
},
{
  "fields": {
    "state": 687,
    "name": "\u682a\u6d32\u5e02"
  },
  "model": "user.city",
  "pk": 130
},
{
  "fields": {
    "state": 687,
    "name": "\u6e58\u6f6d\u5e02"
  },
  "model": "user.city",
  "pk": 131
},
{
  "fields": {
    "state": 687,
    "name": "\u8861\u9633\u5e02"
  },
  "model": "user.city",
  "pk": 132
},
{
  "fields": {
    "state": 687,
    "name": "\u90b5\u9633\u5e02"
  },
  "model": "user.city",
  "pk": 133
},
{
  "fields": {
    "state": 687,
    "name": "\u5cb3\u9633\u5e02"
  },
  "model": "user.city",
  "pk": 134
},
{
  "fields": {
    "state": 687,
    "name": "\u5e38\u5fb7\u5e02"
  },
  "model": "user.city",
  "pk": 135
},
{
  "fields": {
    "state": 687,
    "name": "\u5f20\u5bb6\u754c\u5e02"
  },
  "model": "user.city",
  "pk": 136
},
{
  "fields": {
    "state": 687,
    "name": "\u76ca\u9633\u5e02"
  },
  "model": "user.city",
  "pk": 137
},
{
  "fields": {
    "state": 687,
    "name": "\u90f4\u5dde\u5e02"
  },
  "model": "user.city",
  "pk": 138
},
{
  "fields": {
    "state": 687,
    "name": "\u6c38\u5dde\u5e02"
  },
  "model": "user.city",
  "pk": 139
},
{
  "fields": {
    "state": 687,
    "name": "\u6000\u5316\u5e02"
  },
  "model": "user.city",
  "pk": 140
},
{
  "fields": {
    "state": 687,
    "name": "\u5a04\u5e95\u5e02"
  },
  "model": "user.city",
  "pk": 141
},
{
  "fields": {
    "state": 687,
    "name": "\u6e58\u897f\u571f\u5bb6\u65cf\u82d7\u65cf\u81ea\u6cbb\u5dde"
  },
  "model": "user.city",
  "pk": 142
},
{
  "fields": {
    "state": 696,
    "name": "\u5170\u5dde\u5e02"
  },
  "model": "user.city",
  "pk": 143
},
{
  "fields": {
    "state": 696,
    "name": "\u5609\u5cea\u5173\u5e02"
  },
  "model": "user.city",
  "pk": 144
},
{
  "fields": {
    "state": 696,
    "name": "\u91d1\u660c\u5e02"
  },
  "model": "user.city",
  "pk": 145
},
{
  "fields": {
    "state": 696,
    "name": "\u767d\u94f6\u5e02"
  },
  "model": "user.city",
  "pk": 146
},
{
  "fields": {
    "state": 696,
    "name": "\u5929\u6c34\u5e02"
  },
  "model": "user.city",
  "pk": 147
},
{
  "fields": {
    "state": 696,
    "name": "\u6b66\u5a01\u5e02"
  },
  "model": "user.city",
  "pk": 148
},
{
  "fields": {
    "state": 696,
    "name": "\u5f20\u6396\u5e02"
  },
  "model": "user.city",
  "pk": 149
},
{
  "fields": {
    "state": 696,
    "name": "\u5e73\u51c9\u5e02"
  },
  "model": "user.city",
  "pk": 150
},
{
  "fields": {
    "state": 696,
    "name": "\u9152\u6cc9\u5e02"
  },
  "model": "user.city",
  "pk": 151
},
{
  "fields": {
    "state": 696,
    "name": "\u5e86\u9633\u5e02"
  },
  "model": "user.city",
  "pk": 152
},
{
  "fields": {
    "state": 696,
    "name": "\u5b9a\u897f\u5e02"
  },
  "model": "user.city",
  "pk": 153
},
{
  "fields": {
    "state": 696,
    "name": "\u9647\u5357\u5e02"
  },
  "model": "user.city",
  "pk": 154
},
{
  "fields": {
    "state": 696,
    "name": "\u4e34\u590f\u56de\u65cf\u81ea\u6cbb\u5dde"
  },
  "model": "user.city",
  "pk": 155
},
{
  "fields": {
    "state": 696,
    "name": "\u7518\u5357\u85cf\u65cf\u81ea\u6cbb\u5dde"
  },
  "model": "user.city",
  "pk": 156
},
{
  "fields": {
    "state": 692,
    "name": "\u8d35\u9633\u5e02"
  },
  "model": "user.city",
  "pk": 157
},
{
  "fields": {
    "state": 692,
    "name": "\u516d\u76d8\u6c34\u5e02"
  },
  "model": "user.city",
  "pk": 158
},
{
  "fields": {
    "state": 692,
    "name": "\u9075\u4e49\u5e02"
  },
  "model": "user.city",
  "pk": 159
},
{
  "fields": {
    "state": 692,
    "name": "\u5b89\u987a\u5e02"
  },
  "model": "user.city",
  "pk": 160
},
{
  "fields": {
    "state": 692,
    "name": "\u6bd5\u8282\u5e02"
  },
  "model": "user.city",
  "pk": 161
},
{
  "fields": {
    "state": 692,
    "name": "\u94dc\u4ec1\u5e02"
  },
  "model": "user.city",
  "pk": 162
},
{
  "fields": {
    "state": 692,
    "name": "\u9ed4\u897f\u5357\u5e03\u4f9d\u65cf\u82d7\u65cf\u81ea\u6cbb\u5dde"
  },
  "model": "user.city",
  "pk": 163
},
{
  "fields": {
    "state": 692,
    "name": "\u9ed4\u4e1c\u5357\u82d7\u65cf\u4f97\u65cf\u81ea\u6cbb\u5dde"
  },
  "model": "user.city",
  "pk": 164
},
{
  "fields": {
    "state": 692,
    "name": "\u9ed4\u5357\u5e03\u4f9d\u65cf\u82d7\u65cf\u81ea\u6cbb\u5dde"
  },
  "model": "user.city",
  "pk": 165
},
{
  "fields": {
    "state": 670,
    "name": "\u53f0\u5317\u5e02"
  },
  "model": "user.city",
  "pk": 166
},
{
  "fields": {
    "state": 670,
    "name": "\u65b0\u5317\u5e02"
  },
  "model": "user.city",
  "pk": 167
},
{
  "fields": {
    "state": 670,
    "name": "\u53f0\u4e2d\u5e02"
  },
  "model": "user.city",
  "pk": 168
},
{
  "fields": {
    "state": 670,
    "name": "\u53f0\u5357\u5e02"
  },
  "model": "user.city",
  "pk": 169
},
{
  "fields": {
    "state": 670,
    "name": "\u9ad8\u96c4\u5e02"
  },
  "model": "user.city",
  "pk": 170
},
{
  "fields": {
    "state": 670,
    "name": "\u6843\u56ed\u53bf"
  },
  "model": "user.city",
  "pk": 171
},
{
  "fields": {
    "state": 670,
    "name": "\u65b0\u7af9\u53bf"
  },
  "model": "user.city",
  "pk": 172
},
{
  "fields": {
    "state": 670,
    "name": "\u82d7\u6817\u53bf"
  },
  "model": "user.city",
  "pk": 173
},
{
  "fields": {
    "state": 670,
    "name": "\u5357\u6295\u53bf"
  },
  "model": "user.city",
  "pk": 174
},
{
  "fields": {
    "state": 670,
    "name": "\u4e91\u6797\u53bf"
  },
  "model": "user.city",
  "pk": 175
},
{
  "fields": {
    "state": 670,
    "name": "\u5609\u4e49\u53bf"
  },
  "model": "user.city",
  "pk": 176
},
{
  "fields": {
    "state": 670,
    "name": "\u5c4f\u4e1c\u53bf"
  },
  "model": "user.city",
  "pk": 177
},
{
  "fields": {
    "state": 670,
    "name": "\u5b9c\u5170\u53bf"
  },
  "model": "user.city",
  "pk": 178
},
{
  "fields": {
    "state": 670,
    "name": "\u82b1\u83b2\u53bf"
  },
  "model": "user.city",
  "pk": 179
},
{
  "fields": {
    "state": 670,
    "name": "\u53f0\u4e1c\u53bf"
  },
  "model": "user.city",
  "pk": 180
},
{
  "fields": {
    "state": 670,
    "name": "\u6f8e\u6e56\u53bf"
  },
  "model": "user.city",
  "pk": 181
},
{
  "fields": {
    "state": 670,
    "name": "\u91d1\u95e8\u53bf"
  },
  "model": "user.city",
  "pk": 182
},
{
  "fields": {
    "state": 670,
    "name": "\u8fde\u6c5f\u53bf"
  },
  "model": "user.city",
  "pk": 183
},
{
  "fields": {
    "state": 670,
    "name": "\u57fa\u9686\u5e02"
  },
  "model": "user.city",
  "pk": 184
},
{
  "fields": {
    "state": 670,
    "name": "\u65b0\u7af9\u5e02"
  },
  "model": "user.city",
  "pk": 185
},
{
  "fields": {
    "state": 670,
    "name": "\u5609\u4e49\u5e02"
  },
  "model": "user.city",
  "pk": 186
},
{
  "fields": {
    "state": 688,
    "name": "\u5e7f\u5dde\u5e02"
  },
  "model": "user.city",
  "pk": 187
},
{
  "fields": {
    "state": 688,
    "name": "\u97f6\u5173\u5e02"
  },
  "model": "user.city",
  "pk": 188
},
{
  "fields": {
    "state": 688,
    "name": "\u6df1\u5733\u5e02"
  },
  "model": "user.city",
  "pk": 189
},
{
  "fields": {
    "state": 688,
    "name": "\u73e0\u6d77\u5e02"
  },
  "model": "user.city",
  "pk": 190
},
{
  "fields": {
    "state": 688,
    "name": "\u6c55\u5934\u5e02"
  },
  "model": "user.city",
  "pk": 191
},
{
  "fields": {
    "state": 688,
    "name": "\u4f5b\u5c71\u5e02"
  },
  "model": "user.city",
  "pk": 192
},
{
  "fields": {
    "state": 688,
    "name": "\u6c5f\u95e8\u5e02"
  },
  "model": "user.city",
  "pk": 193
},
{
  "fields": {
    "state": 688,
    "name": "\u6e5b\u6c5f\u5e02"
  },
  "model": "user.city",
  "pk": 194
},
{
  "fields": {
    "state": 688,
    "name": "\u8302\u540d\u5e02"
  },
  "model": "user.city",
  "pk": 195
},
{
  "fields": {
    "state": 688,
    "name": "\u8087\u5e86\u5e02"
  },
  "model": "user.city",
  "pk": 196
},
{
  "fields": {
    "state": 688,
    "name": "\u60e0\u5dde\u5e02"
  },
  "model": "user.city",
  "pk": 197
},
{
  "fields": {
    "state": 688,
    "name": "\u6885\u5dde\u5e02"
  },
  "model": "user.city",
  "pk": 198
},
{
  "fields": {
    "state": 688,
    "name": "\u6c55\u5c3e\u5e02"
  },
  "model": "user.city",
  "pk": 199
},
{
  "fields": {
    "state": 688,
    "name": "\u6cb3\u6e90\u5e02"
  },
  "model": "user.city",
  "pk": 200
},
{
  "fields": {
    "state": 688,
    "name": "\u9633\u6c5f\u5e02"
  },
  "model": "user.city",
  "pk": 201
},
{
  "fields": {
    "state": 688,
    "name": "\u6e05\u8fdc\u5e02"
  },
  "model": "user.city",
  "pk": 202
},
{
  "fields": {
    "state": 688,
    "name": "\u4e1c\u839e\u5e02"
  },
  "model": "user.city",
  "pk": 203
},
{
  "fields": {
    "state": 688,
    "name": "\u4e2d\u5c71\u5e02"
  },
  "model": "user.city",
  "pk": 204
},
{
  "fields": {
    "state": 688,
    "name": "\u4e1c\u6c99\u7fa4\u5c9b"
  },
  "model": "user.city",
  "pk": 205
},
{
  "fields": {
    "state": 688,
    "name": "\u6f6e\u5dde\u5e02"
  },
  "model": "user.city",
  "pk": 206
},
{
  "fields": {
    "state": 688,
    "name": "\u63ed\u9633\u5e02"
  },
  "model": "user.city",
  "pk": 207
},
{
  "fields": {
    "state": 688,
    "name": "\u4e91\u6d6e\u5e02"
  },
  "model": "user.city",
  "pk": 208
},
{
  "fields": {
    "state": 675,
    "name": "\u547c\u548c\u6d69\u7279\u5e02"
  },
  "model": "user.city",
  "pk": 209
},
{
  "fields": {
    "state": 675,
    "name": "\u5305\u5934\u5e02"
  },
  "model": "user.city",
  "pk": 210
},
{
  "fields": {
    "state": 675,
    "name": "\u4e4c\u6d77\u5e02"
  },
  "model": "user.city",
  "pk": 211
},
{
  "fields": {
    "state": 675,
    "name": "\u8d64\u5cf0\u5e02"
  },
  "model": "user.city",
  "pk": 212
},
{
  "fields": {
    "state": 675,
    "name": "\u901a\u8fbd\u5e02"
  },
  "model": "user.city",
  "pk": 213
},
{
  "fields": {
    "state": 675,
    "name": "\u9102\u5c14\u591a\u65af\u5e02"
  },
  "model": "user.city",
  "pk": 214
},
{
  "fields": {
    "state": 675,
    "name": "\u547c\u4f26\u8d1d\u5c14\u5e02"
  },
  "model": "user.city",
  "pk": 215
},
{
  "fields": {
    "state": 675,
    "name": "\u5df4\u5f66\u6dd6\u5c14\u5e02"
  },
  "model": "user.city",
  "pk": 216
},
{
  "fields": {
    "state": 675,
    "name": "\u4e4c\u5170\u5bdf\u5e03\u5e02"
  },
  "model": "user.city",
  "pk": 217
},
{
  "fields": {
    "state": 675,
    "name": "\u5174\u5b89\u76df"
  },
  "model": "user.city",
  "pk": 218
},
{
  "fields": {
    "state": 675,
    "name": "\u9521\u6797\u90ed\u52d2\u76df"
  },
  "model": "user.city",
  "pk": 219
},
{
  "fields": {
    "state": 675,
    "name": "\u963f\u62c9\u5584\u76df"
  },
  "model": "user.city",
  "pk": 220
},
{
  "fields": {
    "state": 677,
    "name": "\u957f\u6625\u5e02"
  },
  "model": "user.city",
  "pk": 221
},
{
  "fields": {
    "state": 677,
    "name": "\u5409\u6797\u5e02"
  },
  "model": "user.city",
  "pk": 222
},
{
  "fields": {
    "state": 677,
    "name": "\u56db\u5e73\u5e02"
  },
  "model": "user.city",
  "pk": 223
},
{
  "fields": {
    "state": 677,
    "name": "\u8fbd\u6e90\u5e02"
  },
  "model": "user.city",
  "pk": 224
},
{
  "fields": {
    "state": 677,
    "name": "\u901a\u5316\u5e02"
  },
  "model": "user.city",
  "pk": 225
},
{
  "fields": {
    "state": 677,
    "name": "\u767d\u5c71\u5e02"
  },
  "model": "user.city",
  "pk": 226
},
{
  "fields": {
    "state": 677,
    "name": "\u677e\u539f\u5e02"
  },
  "model": "user.city",
  "pk": 227
},
{
  "fields": {
    "state": 677,
    "name": "\u767d\u57ce\u5e02"
  },
  "model": "user.city",
  "pk": 228
},
{
  "fields": {
    "state": 677,
    "name": "\u5ef6\u8fb9\u671d\u9c9c\u65cf\u81ea\u6cbb\u5dde"
  },
  "model": "user.city",
  "pk": 229
},
{
  "fields": {
    "state": 676,
    "name": "\u6c88\u9633\u5e02"
  },
  "model": "user.city",
  "pk": 230
},
{
  "fields": {
    "state": 676,
    "name": "\u5927\u8fde\u5e02"
  },
  "model": "user.city",
  "pk": 231
},
{
  "fields": {
    "state": 676,
    "name": "\u978d\u5c71\u5e02"
  },
  "model": "user.city",
  "pk": 232
},
{
  "fields": {
    "state": 676,
    "name": "\u629a\u987a\u5e02"
  },
  "model": "user.city",
  "pk": 233
},
{
  "fields": {
    "state": 676,
    "name": "\u672c\u6eaa\u5e02"
  },
  "model": "user.city",
  "pk": 234
},
{
  "fields": {
    "state": 676,
    "name": "\u4e39\u4e1c\u5e02"
  },
  "model": "user.city",
  "pk": 235
},
{
  "fields": {
    "state": 676,
    "name": "\u9526\u5dde\u5e02"
  },
  "model": "user.city",
  "pk": 236
},
{
  "fields": {
    "state": 676,
    "name": "\u8425\u53e3\u5e02"
  },
  "model": "user.city",
  "pk": 237
},
{
  "fields": {
    "state": 676,
    "name": "\u961c\u65b0\u5e02"
  },
  "model": "user.city",
  "pk": 238
},
{
  "fields": {
    "state": 676,
    "name": "\u8fbd\u9633\u5e02"
  },
  "model": "user.city",
  "pk": 239
},
{
  "fields": {
    "state": 676,
    "name": "\u76d8\u9526\u5e02"
  },
  "model": "user.city",
  "pk": 240
},
{
  "fields": {
    "state": 676,
    "name": "\u94c1\u5cad\u5e02"
  },
  "model": "user.city",
  "pk": 241
},
{
  "fields": {
    "state": 676,
    "name": "\u671d\u9633\u5e02"
  },
  "model": "user.city",
  "pk": 242
},
{
  "fields": {
    "state": 676,
    "name": "\u846b\u82a6\u5c9b\u5e02"
  },
  "model": "user.city",
  "pk": 243
},
{
  "fields": {
    "state": 691,
    "name": "\u6210\u90fd\u5e02"
  },
  "model": "user.city",
  "pk": 244
},
{
  "fields": {
    "state": 691,
    "name": "\u81ea\u8d21\u5e02"
  },
  "model": "user.city",
  "pk": 245
},
{
  "fields": {
    "state": 691,
    "name": "\u6500\u679d\u82b1\u5e02"
  },
  "model": "user.city",
  "pk": 246
},
{
  "fields": {
    "state": 691,
    "name": "\u6cf8\u5dde\u5e02"
  },
  "model": "user.city",
  "pk": 247
},
{
  "fields": {
    "state": 691,
    "name": "\u5fb7\u9633\u5e02"
  },
  "model": "user.city",
  "pk": 248
},
{
  "fields": {
    "state": 691,
    "name": "\u7ef5\u9633\u5e02"
  },
  "model": "user.city",
  "pk": 249
},
{
  "fields": {
    "state": 691,
    "name": "\u5e7f\u5143\u5e02"
  },
  "model": "user.city",
  "pk": 250
},
{
  "fields": {
    "state": 691,
    "name": "\u9042\u5b81\u5e02"
  },
  "model": "user.city",
  "pk": 251
},
{
  "fields": {
    "state": 691,
    "name": "\u5185\u6c5f\u5e02"
  },
  "model": "user.city",
  "pk": 252
},
{
  "fields": {
    "state": 691,
    "name": "\u4e50\u5c71\u5e02"
  },
  "model": "user.city",
  "pk": 253
},
{
  "fields": {
    "state": 691,
    "name": "\u5357\u5145\u5e02"
  },
  "model": "user.city",
  "pk": 254
},
{
  "fields": {
    "state": 691,
    "name": "\u7709\u5c71\u5e02"
  },
  "model": "user.city",
  "pk": 255
},
{
  "fields": {
    "state": 691,
    "name": "\u5b9c\u5bbe\u5e02"
  },
  "model": "user.city",
  "pk": 256
},
{
  "fields": {
    "state": 691,
    "name": "\u5e7f\u5b89\u5e02"
  },
  "model": "user.city",
  "pk": 257
},
{
  "fields": {
    "state": 691,
    "name": "\u8fbe\u5dde\u5e02"
  },
  "model": "user.city",
  "pk": 258
},
{
  "fields": {
    "state": 691,
    "name": "\u96c5\u5b89\u5e02"
  },
  "model": "user.city",
  "pk": 259
},
{
  "fields": {
    "state": 691,
    "name": "\u5df4\u4e2d\u5e02"
  },
  "model": "user.city",
  "pk": 260
},
{
  "fields": {
    "state": 691,
    "name": "\u8d44\u9633\u5e02"
  },
  "model": "user.city",
  "pk": 261
},
{
  "fields": {
    "state": 691,
    "name": "\u963f\u575d\u85cf\u65cf\u7f8c\u65cf\u81ea\u6cbb\u5dde"
  },
  "model": "user.city",
  "pk": 262
},
{
  "fields": {
    "state": 691,
    "name": "\u7518\u5b5c\u85cf\u65cf\u81ea\u6cbb\u5dde"
  },
  "model": "user.city",
  "pk": 263
},
{
  "fields": {
    "state": 691,
    "name": "\u51c9\u5c71\u5f5d\u65cf\u81ea\u6cbb\u5dde"
  },
  "model": "user.city",
  "pk": 264
},
{
  "fields": {
    "state": 699,
    "name": "\u4e4c\u9c81\u6728\u9f50\u5e02"
  },
  "model": "user.city",
  "pk": 265
},
{
  "fields": {
    "state": 699,
    "name": "\u514b\u62c9\u739b\u4f9d\u5e02"
  },
  "model": "user.city",
  "pk": 266
},
{
  "fields": {
    "state": 699,
    "name": "\u5410\u9c81\u756a\u5730\u533a"
  },
  "model": "user.city",
  "pk": 267
},
{
  "fields": {
    "state": 699,
    "name": "\u54c8\u5bc6\u5730\u533a"
  },
  "model": "user.city",
  "pk": 268
},
{
  "fields": {
    "state": 699,
    "name": "\u660c\u5409\u56de\u65cf\u81ea\u6cbb\u5dde"
  },
  "model": "user.city",
  "pk": 269
},
{
  "fields": {
    "state": 699,
    "name": "\u535a\u5c14\u5854\u62c9\u8499\u53e4\u81ea\u6cbb\u5dde"
  },
  "model": "user.city",
  "pk": 270
},
{
  "fields": {
    "state": 699,
    "name": "\u5df4\u97f3\u90ed\u695e\u8499\u53e4\u81ea\u6cbb\u5dde"
  },
  "model": "user.city",
  "pk": 271
},
{
  "fields": {
    "state": 699,
    "name": "\u963f\u514b\u82cf\u5730\u533a"
  },
  "model": "user.city",
  "pk": 272
},
{
  "fields": {
    "state": 699,
    "name": "\u514b\u5b5c\u52d2\u82cf\u67ef\u5c14\u514b\u5b5c\u81ea\u6cbb\u5dde"
  },
  "model": "user.city",
  "pk": 273
},
{
  "fields": {
    "state": 699,
    "name": "\u5580\u4ec0\u5730\u533a"
  },
  "model": "user.city",
  "pk": 274
},
{
  "fields": {
    "state": 699,
    "name": "\u548c\u7530\u5730\u533a"
  },
  "model": "user.city",
  "pk": 275
},
{
  "fields": {
    "state": 699,
    "name": "\u4f0a\u7281\u54c8\u8428\u514b\u81ea\u6cbb\u5dde"
  },
  "model": "user.city",
  "pk": 276
},
{
  "fields": {
    "state": 699,
    "name": "\u5854\u57ce\u5730\u533a"
  },
  "model": "user.city",
  "pk": 277
},
{
  "fields": {
    "state": 699,
    "name": "\u963f\u52d2\u6cf0\u5730\u533a"
  },
  "model": "user.city",
  "pk": 278
},
{
  "fields": {
    "state": 699,
    "name": "\u963f\u62c9\u5c14\u5e02"
  },
  "model": "user.city",
  "pk": 279
},
{
  "fields": {
    "state": 699,
    "name": "\u77f3\u6cb3\u5b50\u5e02"
  },
  "model": "user.city",
  "pk": 280
},
{
  "fields": {
    "state": 699,
    "name": "\u4e94\u5bb6\u6e20\u5e02"
  },
  "model": "user.city",
  "pk": 281
},
{
  "fields": {
    "state": 699,
    "name": "\u56fe\u6728\u8212\u514b\u5e02"
  },
  "model": "user.city",
  "pk": 282
},
{
  "fields": {
    "state": 673,
    "name": "\u77f3\u5bb6\u5e84\u5e02"
  },
  "model": "user.city",
  "pk": 283
},
{
  "fields": {
    "state": 673,
    "name": "\u5510\u5c71\u5e02"
  },
  "model": "user.city",
  "pk": 284
},
{
  "fields": {
    "state": 673,
    "name": "\u79e6\u7687\u5c9b\u5e02"
  },
  "model": "user.city",
  "pk": 285
},
{
  "fields": {
    "state": 673,
    "name": "\u90af\u90f8\u5e02"
  },
  "model": "user.city",
  "pk": 286
},
{
  "fields": {
    "state": 673,
    "name": "\u90a2\u53f0\u5e02"
  },
  "model": "user.city",
  "pk": 287
},
{
  "fields": {
    "state": 673,
    "name": "\u4fdd\u5b9a\u5e02"
  },
  "model": "user.city",
  "pk": 288
},
{
  "fields": {
    "state": 673,
    "name": "\u5f20\u5bb6\u53e3\u5e02"
  },
  "model": "user.city",
  "pk": 289
},
{
  "fields": {
    "state": 673,
    "name": "\u627f\u5fb7\u5e02"
  },
  "model": "user.city",
  "pk": 290
},
{
  "fields": {
    "state": 673,
    "name": "\u6ca7\u5dde\u5e02"
  },
  "model": "user.city",
  "pk": 291
},
{
  "fields": {
    "state": 673,
    "name": "\u5eca\u574a\u5e02"
  },
  "model": "user.city",
  "pk": 292
},
{
  "fields": {
    "state": 673,
    "name": "\u8861\u6c34\u5e02"
  },
  "model": "user.city",
  "pk": 293
},
{
  "fields": {
    "state": 694,
    "name": "\u62c9\u8428\u5e02"
  },
  "model": "user.city",
  "pk": 294
},
{
  "fields": {
    "state": 694,
    "name": "\u660c\u90fd\u5730\u533a"
  },
  "model": "user.city",
  "pk": 295
},
{
  "fields": {
    "state": 694,
    "name": "\u5c71\u5357\u5730\u533a"
  },
  "model": "user.city",
  "pk": 296
},
{
  "fields": {
    "state": 694,
    "name": "\u65e5\u5580\u5219\u5730\u533a"
  },
  "model": "user.city",
  "pk": 297
},
{
  "fields": {
    "state": 694,
    "name": "\u90a3\u66f2\u5730\u533a"
  },
  "model": "user.city",
  "pk": 298
},
{
  "fields": {
    "state": 694,
    "name": "\u963f\u91cc\u5730\u533a"
  },
  "model": "user.city",
  "pk": 299
},
{
  "fields": {
    "state": 694,
    "name": "\u6797\u829d\u5730\u533a"
  },
  "model": "user.city",
  "pk": 300
},
{
  "fields": {
    "state": 681,
    "name": "\u5408\u80a5\u5e02"
  },
  "model": "user.city",
  "pk": 301
},
{
  "fields": {
    "state": 681,
    "name": "\u829c\u6e56\u5e02"
  },
  "model": "user.city",
  "pk": 302
},
{
  "fields": {
    "state": 681,
    "name": "\u868c\u57e0\u5e02"
  },
  "model": "user.city",
  "pk": 303
},
{
  "fields": {
    "state": 681,
    "name": "\u6dee\u5357\u5e02"
  },
  "model": "user.city",
  "pk": 304
},
{
  "fields": {
    "state": 681,
    "name": "\u9a6c\u978d\u5c71\u5e02"
  },
  "model": "user.city",
  "pk": 305
},
{
  "fields": {
    "state": 681,
    "name": "\u6dee\u5317\u5e02"
  },
  "model": "user.city",
  "pk": 306
},
{
  "fields": {
    "state": 681,
    "name": "\u94dc\u9675\u5e02"
  },
  "model": "user.city",
  "pk": 307
},
{
  "fields": {
    "state": 681,
    "name": "\u5b89\u5e86\u5e02"
  },
  "model": "user.city",
  "pk": 308
},
{
  "fields": {
    "state": 681,
    "name": "\u9ec4\u5c71\u5e02"
  },
  "model": "user.city",
  "pk": 309
},
{
  "fields": {
    "state": 681,
    "name": "\u6ec1\u5dde\u5e02"
  },
  "model": "user.city",
  "pk": 310
},
{
  "fields": {
    "state": 681,
    "name": "\u961c\u9633\u5e02"
  },
  "model": "user.city",
  "pk": 311
},
{
  "fields": {
    "state": 681,
    "name": "\u5bbf\u5dde\u5e02"
  },
  "model": "user.city",
  "pk": 312
},
{
  "fields": {
    "state": 681,
    "name": "\u516d\u5b89\u5e02"
  },
  "model": "user.city",
  "pk": 313
},
{
  "fields": {
    "state": 681,
    "name": "\u4eb3\u5dde\u5e02"
  },
  "model": "user.city",
  "pk": 314
},
{
  "fields": {
    "state": 681,
    "name": "\u6c60\u5dde\u5e02"
  },
  "model": "user.city",
  "pk": 315
},
{
  "fields": {
    "state": 681,
    "name": "\u5ba3\u57ce\u5e02"
  },
  "model": "user.city",
  "pk": 316
},
{
  "fields": {
    "state": 698,
    "name": "\u94f6\u5ddd\u5e02"
  },
  "model": "user.city",
  "pk": 317
},
{
  "fields": {
    "state": 698,
    "name": "\u77f3\u5634\u5c71\u5e02"
  },
  "model": "user.city",
  "pk": 318
},
{
  "fields": {
    "state": 698,
    "name": "\u5434\u5fe0\u5e02"
  },
  "model": "user.city",
  "pk": 319
},
{
  "fields": {
    "state": 698,
    "name": "\u56fa\u539f\u5e02"
  },
  "model": "user.city",
  "pk": 320
},
{
  "fields": {
    "state": 698,
    "name": "\u4e2d\u536b\u5e02"
  },
  "model": "user.city",
  "pk": 321
},
{
  "fields": {
    "state": 686,
    "name": "\u6b66\u6c49\u5e02"
  },
  "model": "user.city",
  "pk": 322
},
{
  "fields": {
    "state": 686,
    "name": "\u9ec4\u77f3\u5e02"
  },
  "model": "user.city",
  "pk": 323
},
{
  "fields": {
    "state": 686,
    "name": "\u5341\u5830\u5e02"
  },
  "model": "user.city",
  "pk": 324
},
{
  "fields": {
    "state": 686,
    "name": "\u5b9c\u660c\u5e02"
  },
  "model": "user.city",
  "pk": 325
},
{
  "fields": {
    "state": 686,
    "name": "\u8944\u9633\u5e02"
  },
  "model": "user.city",
  "pk": 326
},
{
  "fields": {
    "state": 686,
    "name": "\u9102\u5dde\u5e02"
  },
  "model": "user.city",
  "pk": 327
},
{
  "fields": {
    "state": 686,
    "name": "\u8346\u95e8\u5e02"
  },
  "model": "user.city",
  "pk": 328
},
{
  "fields": {
    "state": 686,
    "name": "\u5b5d\u611f\u5e02"
  },
  "model": "user.city",
  "pk": 329
},
{
  "fields": {
    "state": 686,
    "name": "\u8346\u5dde\u5e02"
  },
  "model": "user.city",
  "pk": 330
},
{
  "fields": {
    "state": 686,
    "name": "\u9ec4\u5188\u5e02"
  },
  "model": "user.city",
  "pk": 331
},
{
  "fields": {
    "state": 686,
    "name": "\u54b8\u5b81\u5e02"
  },
  "model": "user.city",
  "pk": 332
},
{
  "fields": {
    "state": 686,
    "name": "\u968f\u5dde\u5e02"
  },
  "model": "user.city",
  "pk": 333
},
{
  "fields": {
    "state": 686,
    "name": "\u6069\u65bd\u571f\u5bb6\u65cf\u82d7\u65cf\u81ea\u6cbb\u5dde"
  },
  "model": "user.city",
  "pk": 334
},
{
  "fields": {
    "state": 686,
    "name": "\u4ed9\u6843\u5e02"
  },
  "model": "user.city",
  "pk": 335
},
{
  "fields": {
    "state": 686,
    "name": "\u6f5c\u6c5f\u5e02"
  },
  "model": "user.city",
  "pk": 336
},
{
  "fields": {
    "state": 686,
    "name": "\u5929\u95e8\u5e02"
  },
  "model": "user.city",
  "pk": 337
},
{
  "fields": {
    "state": 686,
    "name": "\u795e\u519c\u67b6\u6797\u533a"
  },
  "model": "user.city",
  "pk": 338
},
{
  "fields": {
    "state": 684,
    "name": "\u6d4e\u5357\u5e02"
  },
  "model": "user.city",
  "pk": 339
},
{
  "fields": {
    "state": 684,
    "name": "\u9752\u5c9b\u5e02"
  },
  "model": "user.city",
  "pk": 340
},
{
  "fields": {
    "state": 684,
    "name": "\u6dc4\u535a\u5e02"
  },
  "model": "user.city",
  "pk": 341
},
{
  "fields": {
    "state": 684,
    "name": "\u67a3\u5e84\u5e02"
  },
  "model": "user.city",
  "pk": 342
},
{
  "fields": {
    "state": 684,
    "name": "\u4e1c\u8425\u5e02"
  },
  "model": "user.city",
  "pk": 343
},
{
  "fields": {
    "state": 684,
    "name": "\u70df\u53f0\u5e02"
  },
  "model": "user.city",
  "pk": 344
},
{
  "fields": {
    "state": 684,
    "name": "\u6f4d\u574a\u5e02"
  },
  "model": "user.city",
  "pk": 345
},
{
  "fields": {
    "state": 684,
    "name": "\u6d4e\u5b81\u5e02"
  },
  "model": "user.city",
  "pk": 346
},
{
  "fields": {
    "state": 684,
    "name": "\u6cf0\u5b89\u5e02"
  },
  "model": "user.city",
  "pk": 347
},
{
  "fields": {
    "state": 684,
    "name": "\u5a01\u6d77\u5e02"
  },
  "model": "user.city",
  "pk": 348
},
{
  "fields": {
    "state": 684,
    "name": "\u65e5\u7167\u5e02"
  },
  "model": "user.city",
  "pk": 349
},
{
  "fields": {
    "state": 684,
    "name": "\u83b1\u829c\u5e02"
  },
  "model": "user.city",
  "pk": 350
},
{
  "fields": {
    "state": 684,
    "name": "\u4e34\u6c82\u5e02"
  },
  "model": "user.city",
  "pk": 351
},
{
  "fields": {
    "state": 684,
    "name": "\u5fb7\u5dde\u5e02"
  },
  "model": "user.city",
  "pk": 352
},
{
  "fields": {
    "state": 684,
    "name": "\u804a\u57ce\u5e02"
  },
  "model": "user.city",
  "pk": 353
},
{
  "fields": {
    "state": 684,
    "name": "\u6ee8\u5dde\u5e02"
  },
  "model": "user.city",
  "pk": 354
},
{
  "fields": {
    "state": 684,
    "name": "\u83cf\u6cfd\u5e02"
  },
  "model": "user.city",
  "pk": 355
},
{
  "fields": {
    "state": 693,
    "name": "\u6606\u660e\u5e02"
  },
  "model": "user.city",
  "pk": 356
},
{
  "fields": {
    "state": 693,
    "name": "\u66f2\u9756\u5e02"
  },
  "model": "user.city",
  "pk": 357
},
{
  "fields": {
    "state": 693,
    "name": "\u7389\u6eaa\u5e02"
  },
  "model": "user.city",
  "pk": 358
},
{
  "fields": {
    "state": 693,
    "name": "\u4fdd\u5c71\u5e02"
  },
  "model": "user.city",
  "pk": 359
},
{
  "fields": {
    "state": 693,
    "name": "\u662d\u901a\u5e02"
  },
  "model": "user.city",
  "pk": 360
},
{
  "fields": {
    "state": 693,
    "name": "\u4e3d\u6c5f\u5e02"
  },
  "model": "user.city",
  "pk": 361
},
{
  "fields": {
    "state": 693,
    "name": "\u666e\u6d31\u5e02"
  },
  "model": "user.city",
  "pk": 362
},
{
  "fields": {
    "state": 693,
    "name": "\u4e34\u6ca7\u5e02"
  },
  "model": "user.city",
  "pk": 363
},
{
  "fields": {
    "state": 693,
    "name": "\u695a\u96c4\u5f5d\u65cf\u81ea\u6cbb\u5dde"
  },
  "model": "user.city",
  "pk": 364
},
{
  "fields": {
    "state": 693,
    "name": "\u7ea2\u6cb3\u54c8\u5c3c\u65cf\u5f5d\u65cf\u81ea\u6cbb\u5dde"
  },
  "model": "user.city",
  "pk": 365
},
{
  "fields": {
    "state": 693,
    "name": "\u6587\u5c71\u58ee\u65cf\u82d7\u65cf\u81ea\u6cbb\u5dde"
  },
  "model": "user.city",
  "pk": 366
},
{
  "fields": {
    "state": 693,
    "name": "\u897f\u53cc\u7248\u7eb3\u50a3\u65cf\u81ea\u6cbb\u5dde"
  },
  "model": "user.city",
  "pk": 367
},
{
  "fields": {
    "state": 693,
    "name": "\u5927\u7406\u767d\u65cf\u81ea\u6cbb\u5dde"
  },
  "model": "user.city",
  "pk": 368
},
{
  "fields": {
    "state": 693,
    "name": "\u5fb7\u5b8f\u50a3\u65cf\u666f\u9887\u65cf\u81ea\u6cbb\u5dde"
  },
  "model": "user.city",
  "pk": 369
},
{
  "fields": {
    "state": 693,
    "name": "\u6012\u6c5f\u5088\u50f3\u65cf\u81ea\u6cbb\u5dde"
  },
  "model": "user.city",
  "pk": 370
},
{
  "fields": {
    "state": 693,
    "name": "\u8fea\u5e86\u85cf\u65cf\u81ea\u6cbb\u5dde"
  },
  "model": "user.city",
  "pk": 371
},
{
  "fields": {
    "state": 682,
    "name": "\u798f\u5dde\u5e02"
  },
  "model": "user.city",
  "pk": 372
},
{
  "fields": {
    "state": 682,
    "name": "\u53a6\u95e8\u5e02"
  },
  "model": "user.city",
  "pk": 373
},
{
  "fields": {
    "state": 682,
    "name": "\u8386\u7530\u5e02"
  },
  "model": "user.city",
  "pk": 374
},
{
  "fields": {
    "state": 682,
    "name": "\u4e09\u660e\u5e02"
  },
  "model": "user.city",
  "pk": 375
},
{
  "fields": {
    "state": 682,
    "name": "\u6cc9\u5dde\u5e02"
  },
  "model": "user.city",
  "pk": 376
},
{
  "fields": {
    "state": 682,
    "name": "\u6f33\u5dde\u5e02"
  },
  "model": "user.city",
  "pk": 377
},
{
  "fields": {
    "state": 682,
    "name": "\u5357\u5e73\u5e02"
  },
  "model": "user.city",
  "pk": 378
},
{
  "fields": {
    "state": 682,
    "name": "\u9f99\u5ca9\u5e02"
  },
  "model": "user.city",
  "pk": 379
},
{
  "fields": {
    "state": 682,
    "name": "\u5b81\u5fb7\u5e02"
  },
  "model": "user.city",
  "pk": 380
},
{
  "fields": {
    "accept_date": "2014-08-27T04:12:05Z",
    "code": "6200912599",
    "user": 27
  },
  "model": "user.invitationcode",
  "pk": 1
},
{
  "fields": {
    "accept_date": null,
    "code": "0085845759",
    "user": null
  },
  "model": "user.invitationcode",
  "pk": 2
},
{
  "fields": {
    "accept_date": null,
    "code": "0282360851",
    "user": null
  },
  "model": "user.invitationcode",
  "pk": 3
},
{
  "fields": {
    "accept_date": null,
    "code": "9017072517",
    "user": null
  },
  "model": "user.invitationcode",
  "pk": 4
},
{
  "fields": {
    "accept_date": null,
    "code": "3463134564",
    "user": null
  },
  "model": "user.invitationcode",
  "pk": 5
},
{
  "fields": {
    "accept_date": null,
    "code": "7801852830",
    "user": null
  },
  "model": "user.invitationcode",
  "pk": 6
},
{
  "fields": {
    "accept_date": null,
    "code": "4544062975",
    "user": null
  },
  "model": "user.invitationcode",
  "pk": 7
},
{
  "fields": {
    "accept_date": null,
    "code": "4315204911",
    "user": null
  },
  "model": "user.invitationcode",
  "pk": 8
},
{
  "fields": {
    "accept_date": null,
    "code": "0743604231",
    "user": null
  },
  "model": "user.invitationcode",
  "pk": 9
},
{
  "fields": {
    "accept_date": null,
    "code": "6527716524",
    "user": null
  },
  "model": "user.invitationcode",
  "pk": 10
},
{
  "fields": {
    "accept_date": null,
    "code": "2943569647",
    "user": null
  },
  "model": "user.invitationcode",
  "pk": 11
},
{
  "fields": {
    "accept_date": null,
    "code": "8605690836",
    "user": null
  },
  "model": "user.invitationcode",
  "pk": 12
},
{
  "fields": {
    "accept_date": null,
    "code": "4114838287",
    "user": null
  },
  "model": "user.invitationcode",
  "pk": 13
},
{
  "fields": {
    "accept_date": null,
    "code": "4809008413",
    "user": null
  },
  "model": "user.invitationcode",
  "pk": 14
},
{
  "fields": {
    "accept_date": null,
    "code": "7951744818",
    "user": null
  },
  "model": "user.invitationcode",
  "pk": 15
},
{
  "fields": {
    "accept_date": null,
    "code": "2111950849",
    "user": null
  },
  "model": "user.invitationcode",
  "pk": 16
},
{
  "fields": {
    "accept_date": null,
    "code": "2688434609",
    "user": null
  },
  "model": "user.invitationcode",
  "pk": 17
},
{
  "fields": {
    "accept_date": null,
    "code": "0449198712",
    "user": null
  },
  "model": "user.invitationcode",
  "pk": 18
},
{
  "fields": {
    "accept_date": null,
    "code": "3719548837",
    "user": null
  },
  "model": "user.invitationcode",
  "pk": 19
},
{
  "fields": {
    "accept_date": null,
    "code": "0152887026",
    "user": null
  },
  "model": "user.invitationcode",
  "pk": 20
},
{
  "fields": {
    "accept_date": null,
    "code": "2987287495",
    "user": null
  },
  "model": "user.invitationcode",
  "pk": 21
},
{
  "fields": {
    "accept_date": null,
    "code": "6430429199",
    "user": null
  },
  "model": "user.invitationcode",
  "pk": 22
},
{
  "fields": {
    "accept_date": null,
    "code": "5769618721",
    "user": null
  },
  "model": "user.invitationcode",
  "pk": 23
},
{
  "fields": {
    "accept_date": null,
    "code": "2183671165",
    "user": null
  },
  "model": "user.invitationcode",
  "pk": 24
},
{
  "fields": {
    "accept_date": null,
    "code": "6610364468",
    "user": null
  },
  "model": "user.invitationcode",
  "pk": 25
},
{
  "fields": {
    "accept_date": null,
    "code": "9381567965",
    "user": null
  },
  "model": "user.invitationcode",
  "pk": 26
},
{
  "fields": {
    "accept_date": null,
    "code": "4526655691",
    "user": null
  },
  "model": "user.invitationcode",
  "pk": 27
},
{
  "fields": {
    "accept_date": null,
    "code": "2464455825",
    "user": null
  },
  "model": "user.invitationcode",
  "pk": 28
},
{
  "fields": {
    "accept_date": null,
    "code": "3702308601",
    "user": null
  },
  "model": "user.invitationcode",
  "pk": 29
},
{
  "fields": {
    "accept_date": null,
    "code": "3327821189",
    "user": null
  },
  "model": "user.invitationcode",
  "pk": 30
},
{
  "fields": {
    "accept_date": null,
    "code": "8200181850",
    "user": null
  },
  "model": "user.invitationcode",
  "pk": 31
},
{
  "fields": {
    "accept_date": null,
    "code": "2728322958",
    "user": null
  },
  "model": "user.invitationcode",
  "pk": 32
},
{
  "fields": {
    "accept_date": null,
    "code": "1487475915",
    "user": null
  },
  "model": "user.invitationcode",
  "pk": 33
},
{
  "fields": {
    "accept_date": null,
    "code": "7009578817",
    "user": null
  },
  "model": "user.invitationcode",
  "pk": 34
},
{
  "fields": {
    "accept_date": null,
    "code": "3109370989",
    "user": null
  },
  "model": "user.invitationcode",
  "pk": 35
},
{
  "fields": {
    "accept_date": null,
    "code": "2626843404",
    "user": null
  },
  "model": "user.invitationcode",
  "pk": 36
},
{
  "fields": {
    "accept_date": null,
    "code": "6735473802",
    "user": null
  },
  "model": "user.invitationcode",
  "pk": 37
},
{
  "fields": {
    "accept_date": null,
    "code": "2358036688",
    "user": null
  },
  "model": "user.invitationcode",
  "pk": 38
},
{
  "fields": {
    "accept_date": null,
    "code": "1777153809",
    "user": null
  },
  "model": "user.invitationcode",
  "pk": 39
},
{
  "fields": {
    "accept_date": null,
    "code": "8274572099",
    "user": null
  },
  "model": "user.invitationcode",
  "pk": 40
},
{
  "fields": {
    "accept_date": null,
    "code": "7570193806",
    "user": null
  },
  "model": "user.invitationcode",
  "pk": 41
},
{
  "fields": {
    "accept_date": null,
    "code": "5724172248",
    "user": null
  },
  "model": "user.invitationcode",
  "pk": 42
},
{
  "fields": {
    "accept_date": null,
    "code": "8762276578",
    "user": null
  },
  "model": "user.invitationcode",
  "pk": 43
},
{
  "fields": {
    "accept_date": null,
    "code": "5868893003",
    "user": null
  },
  "model": "user.invitationcode",
  "pk": 44
},
{
  "fields": {
    "accept_date": null,
    "code": "0253887627",
    "user": null
  },
  "model": "user.invitationcode",
  "pk": 45
},
{
  "fields": {
    "accept_date": null,
    "code": "8905372361",
    "user": null
  },
  "model": "user.invitationcode",
  "pk": 46
},
{
  "fields": {
    "accept_date": null,
    "code": "3823725179",
    "user": null
  },
  "model": "user.invitationcode",
  "pk": 47
},
{
  "fields": {
    "accept_date": null,
    "code": "4744350676",
    "user": null
  },
  "model": "user.invitationcode",
  "pk": 48
},
{
  "fields": {
    "accept_date": null,
    "code": "7611353903",
    "user": null
  },
  "model": "user.invitationcode",
  "pk": 49
},
{
  "fields": {
    "accept_date": null,
    "code": "5004661929",
    "user": null
  },
  "model": "user.invitationcode",
  "pk": 50
},
{
  "fields": {
    "accept_date": null,
    "code": "4689373789",
    "user": null
  },
  "model": "user.invitationcode",
  "pk": 51
},
{
  "fields": {
    "accept_date": null,
    "code": "0217242015",
    "user": null
  },
  "model": "user.invitationcode",
  "pk": 52
},
{
  "fields": {
    "accept_date": null,
    "code": "7518671732",
    "user": null
  },
  "model": "user.invitationcode",
  "pk": 53
},
{
  "fields": {
    "accept_date": null,
    "code": "3382330366",
    "user": null
  },
  "model": "user.invitationcode",
  "pk": 54
},
{
  "fields": {
    "accept_date": null,
    "code": "9625966034",
    "user": null
  },
  "model": "user.invitationcode",
  "pk": 55
},
{
  "fields": {
    "accept_date": null,
    "code": "6670251274",
    "user": null
  },
  "model": "user.invitationcode",
  "pk": 56
},
{
  "fields": {
    "accept_date": null,
    "code": "1021036599",
    "user": null
  },
  "model": "user.invitationcode",
  "pk": 57
},
{
  "fields": {
    "accept_date": null,
    "code": "2906821299",
    "user": null
  },
  "model": "user.invitationcode",
  "pk": 58
},
{
  "fields": {
    "accept_date": null,
    "code": "5476148908",
    "user": null
  },
  "model": "user.invitationcode",
  "pk": 59
},
{
  "fields": {
    "accept_date": null,
    "code": "0214343888",
    "user": null
  },
  "model": "user.invitationcode",
  "pk": 60
},
{
  "fields": {
    "accept_date": null,
    "code": "8546029048",
    "user": null
  },
  "model": "user.invitationcode",
  "pk": 61
},
{
  "fields": {
    "accept_date": null,
    "code": "9618506541",
    "user": null
  },
  "model": "user.invitationcode",
  "pk": 62
},
{
  "fields": {
    "accept_date": null,
    "code": "2865902298",
    "user": null
  },
  "model": "user.invitationcode",
  "pk": 63
},
{
  "fields": {
    "accept_date": null,
    "code": "5647567676",
    "user": null
  },
  "model": "user.invitationcode",
  "pk": 64
},
{
  "fields": {
    "accept_date": null,
    "code": "5630292251",
    "user": null
  },
  "model": "user.invitationcode",
  "pk": 65
},
{
  "fields": {
    "accept_date": null,
    "code": "6923732966",
    "user": null
  },
  "model": "user.invitationcode",
  "pk": 66
},
{
  "fields": {
    "accept_date": null,
    "code": "9064163134",
    "user": null
  },
  "model": "user.invitationcode",
  "pk": 67
},
{
  "fields": {
    "accept_date": null,
    "code": "7683890224",
    "user": null
  },
  "model": "user.invitationcode",
  "pk": 68
},
{
  "fields": {
    "accept_date": "2015-02-09T02:49:19.807Z",
    "code": "5920614046",
    "user": 60
  },
  "model": "user.invitationcode",
  "pk": 69
},
{
  "fields": {
    "accept_date": null,
    "code": "3723298973",
    "user": null
  },
  "model": "user.invitationcode",
  "pk": 70
},
{
  "fields": {
    "accept_date": null,
    "code": "6544255932",
    "user": null
  },
  "model": "user.invitationcode",
  "pk": 71
},
{
  "fields": {
    "accept_date": null,
    "code": "9708186209",
    "user": null
  },
  "model": "user.invitationcode",
  "pk": 72
},
{
  "fields": {
    "accept_date": "2015-02-09T09:56:26.422Z",
    "code": "7786375744",
    "user": 63
  },
  "model": "user.invitationcode",
  "pk": 73
},
{
  "fields": {
    "accept_date": "2015-02-09T09:46:00.761Z",
    "code": "3941097173",
    "user": 62
  },
  "model": "user.invitationcode",
  "pk": 74
},
{
  "fields": {
    "accept_date": "2015-02-09T02:59:07.699Z",
    "code": "9001200001",
    "user": 61
  },
  "model": "user.invitationcode",
  "pk": 75
},
{
  "fields": {
    "accept_date": "2014-11-12T07:38:07.748Z",
    "code": "2893048098",
    "user": 59
  },
  "model": "user.invitationcode",
  "pk": 76
},
{
  "fields": {
    "accept_date": "2014-11-09T06:49:11.129Z",
    "code": "8185932041",
    "user": 57
  },
  "model": "user.invitationcode",
  "pk": 78
},
{
  "fields": {
    "accept_date": "2014-11-09T05:27:16.439Z",
    "code": "9832399239",
    "user": 55
  },
  "model": "user.invitationcode",
  "pk": 80
},
{
  "fields": {
    "accept_date": "2014-11-02T03:49:43.157Z",
    "code": "1445175101",
    "user": 52
  },
  "model": "user.invitationcode",
  "pk": 81
},
{
  "fields": {
    "accept_date": "2014-11-02T03:49:44.752Z",
    "code": "5880057695",
    "user": 53
  },
  "model": "user.invitationcode",
  "pk": 82
},
{
  "fields": {
    "accept_date": "2014-11-01T18:50:30.238Z",
    "code": "8326629697",
    "user": 49
  },
  "model": "user.invitationcode",
  "pk": 84
},
{
  "fields": {
    "accept_date": "2014-11-01T09:25:37.135Z",
    "code": "6992376511",
    "user": 47
  },
  "model": "user.invitationcode",
  "pk": 86
},
{
  "fields": {
    "accept_date": "2014-10-30T14:18:30.225Z",
    "code": "9071893542",
    "user": 41
  },
  "model": "user.invitationcode",
  "pk": 87
},
{
  "fields": {
    "accept_date": "2014-10-27T05:44:26.477Z",
    "code": "7368900053",
    "user": 39
  },
  "model": "user.invitationcode",
  "pk": 88
},
{
  "fields": {
    "accept_date": "2014-10-24T05:35:36.905Z",
    "code": "5017862511",
    "user": 38
  },
  "model": "user.invitationcode",
  "pk": 90
},
{
  "fields": {
    "accept_date": "2014-09-09T02:52:22Z",
    "code": "9296763473",
    "user": 37
  },
  "model": "user.invitationcode",
  "pk": 91
},
{
  "fields": {
    "accept_date": "2014-09-03T07:41:14Z",
    "code": "4869732304",
    "user": 35
  },
  "model": "user.invitationcode",
  "pk": 92
},
{
  "fields": {
    "accept_date": "2014-08-29T05:42:39Z",
    "code": "2620820220",
    "user": 2
  },
  "model": "user.invitationcode",
  "pk": 95
},
{
  "fields": {
    "accept_date": "2014-08-28T05:16:39Z",
    "code": "4286037517",
    "user": 28
  },
  "model": "user.invitationcode",
  "pk": 96
},
{
  "fields": {
    "accept_date": "2014-08-28T20:07:11Z",
    "code": "2786410718",
    "user": 26
  },
  "model": "user.invitationcode",
  "pk": 97
},
{
  "fields": {
    "accept_date": "2014-08-28T09:17:02Z",
    "code": "2584264538",
    "user": 25
  },
  "model": "user.invitationcode",
  "pk": 98
},
{
  "fields": {
    "wangwang": "",
    "is_qq_public": true,
    "residence": "",
    "city": "\u4e34\u6ca7\u5e02",
    "is_wangwang_public": true,
    "qq": "",
    "country": 1,
    "notification_offer_activity_date": "2015-02-20T08:04:14.314Z",
    "weixin": "",
    "street_address": "1",
    "weibo": "",
    "is_weibo_public": true,
    "last_login": null,
    "offer_count": 13,
    "state": 693,
    "notification_offer_switch": true,
    "quote_count": 0,
    "transaction_complete_count": 1,
    "showoff_count": 0,
    "gender": "M",
    "offer_accept_count": 4,
    "zip": "1",
    "order_count": 22,
    "icon_thumb": "photos/profile/icons/thumbnails/2015/02/10/8231233819.jpg",
    "cell": "2",
    "notification_deal_switch": true,
    "has_new_offer_activity": false,
    "notification_offer_activity_switch": true,
    "city_id": null,
    "notification_deal_date": "2015-02-23T09:54:27.553Z",
    "nickname": "\u5c0f\u5446",
    "is_email_public": false,
    "agent_blacklist": null,
    "notification_offer_date": "2015-02-20T08:11:38.511Z",
    "signature": "",
    "feedback_count": 0,
    "uid": "52497009-6442-4919-95ef-e7e3cbb004eb",
    "is_weixin_public": true,
    "icon": "photos/profile/icons/2015/02/10/5528689574.jpg",
    "referrer": null,
    "is_residence_public": true,
    "notification_state_date": "2015-01-31T14:34:36.631Z",
    "is_gender_public": false,
    "notification_state_switch": true
  },
  "model": "user.customerprofile",
  "pk": 25
},
{
  "fields": {
    "wangwang": "",
    "is_qq_public": true,
    "residence": "\u7f8e\u5229\u575a\u5408\u4f17\u56fd.\u4fc4\u52d2\u5188\u5dde\u6ce2\u7279\u5170",
    "city": "",
    "is_wangwang_public": true,
    "qq": "214805114",
    "country": null,
    "notification_offer_activity_date": "2015-01-01T23:17:41.268Z",
    "weixin": "seaweedhome",
    "street_address": "",
    "weibo": "",
    "is_weibo_public": true,
    "last_login": null,
    "offer_count": 30,
    "state": null,
    "notification_offer_switch": true,
    "quote_count": 0,
    "transaction_complete_count": 2,
    "showoff_count": 0,
    "gender": "F",
    "offer_accept_count": 10,
    "zip": "",
    "order_count": 29,
    "icon_thumb": "photos/profile/icons/thumbnails/2014/12/20/0273116772.jpg",
    "cell": "",
    "notification_deal_switch": true,
    "has_new_offer_activity": false,
    "notification_offer_activity_switch": true,
    "city_id": null,
    "notification_deal_date": "2015-02-20T17:38:51.729Z",
    "nickname": "cicy",
    "is_email_public": false,
    "agent_blacklist": null,
    "notification_offer_date": "2015-02-20T17:45:03.459Z",
    "signature": "\u751f\u547d\u4e0d\u606f\uff0c\u6d77\u6dd8\u4e0d\u6b62",
    "feedback_count": 0,
    "uid": "fc7ac7de-d9c7-458b-b5e6-7e76e8f5b6b7",
    "is_weixin_public": false,
    "icon": "photos/profile/icons/2014/12/20/8909644062.jpg",
    "referrer": null,
    "is_residence_public": false,
    "notification_state_date": "2015-01-24T04:05:59.596Z",
    "is_gender_public": true,
    "notification_state_switch": true
  },
  "model": "user.customerprofile",
  "pk": 26
},
{
  "fields": {
    "wangwang": "",
    "is_qq_public": true,
    "residence": "",
    "city": "\u4e91\u6797\u53bf",
    "is_wangwang_public": true,
    "qq": "",
    "country": 2,
    "notification_offer_activity_date": "2015-02-06T19:25:58.367Z",
    "weixin": "",
    "street_address": "1122 somestreet st",
    "weibo": "",
    "is_weibo_public": true,
    "last_login": null,
    "offer_count": 4,
    "state": 616,
    "notification_offer_switch": true,
    "quote_count": 0,
    "transaction_complete_count": 0,
    "showoff_count": 0,
    "gender": "",
    "offer_accept_count": 0,
    "zip": "",
    "order_count": 13,
    "icon_thumb": "photos/profile/icons/thumbnails/2014/11/15/9107419650.JPG",
    "cell": "7253342223",
    "notification_deal_switch": true,
    "has_new_offer_activity": false,
    "notification_offer_activity_switch": true,
    "city_id": null,
    "notification_deal_date": "2015-02-20T04:57:12.269Z",
    "nickname": "",
    "is_email_public": true,
    "agent_blacklist": null,
    "notification_offer_date": "2015-02-19T08:31:28.667Z",
    "signature": "",
    "feedback_count": 0,
    "uid": "7e6e93a4-d18c-4f0d-b89f-9a2ea7772906",
    "is_weixin_public": true,
    "icon": "photos/profile/icons/2014/11/15/4412676578.JPG",
    "referrer": null,
    "is_residence_public": true,
    "notification_state_date": "1970-01-01T08:00:00Z",
    "is_gender_public": true,
    "notification_state_switch": true
  },
  "model": "user.customerprofile",
  "pk": 27
},
{
  "fields": {
    "wangwang": "",
    "is_qq_public": true,
    "residence": "\u7f8e\u5229\u575a\u5408\u4f17\u56fd.\u5f97\u514b\u8428\u65af\u5965\u65af\u6c40",
    "city": "",
    "is_wangwang_public": true,
    "qq": "",
    "country": null,
    "notification_offer_activity_date": "2015-01-22T20:15:21.960Z",
    "weixin": "",
    "street_address": "",
    "weibo": "",
    "is_weibo_public": true,
    "last_login": null,
    "offer_count": 9,
    "state": null,
    "notification_offer_switch": true,
    "quote_count": 0,
    "transaction_complete_count": 0,
    "showoff_count": 0,
    "gender": "F",
    "offer_accept_count": 3,
    "zip": "",
    "order_count": 20,
    "icon_thumb": "photos/profile/icons/thumbnails/2014/10/23/8348921378.jpg",
    "cell": "",
    "notification_deal_switch": true,
    "has_new_offer_activity": false,
    "notification_offer_activity_switch": true,
    "city_id": null,
    "notification_deal_date": "2015-02-13T18:46:56.298Z",
    "nickname": "Dolly",
    "is_email_public": true,
    "agent_blacklist": null,
    "notification_offer_date": "2015-01-22T19:56:08.113Z",
    "signature": "",
    "feedback_count": 0,
    "uid": "f36b7d8a-cf86-43b9-834c-e7eac8036075",
    "is_weixin_public": true,
    "icon": "photos/profile/icons/2014/10/23/0871758205.jpg",
    "referrer": null,
    "is_residence_public": true,
    "notification_state_date": "2015-01-22T20:14:45.018Z",
    "is_gender_public": true,
    "notification_state_switch": true
  },
  "model": "user.customerprofile",
  "pk": 28
},
{
  "fields": {
    "wangwang": "",
    "is_qq_public": true,
    "residence": "",
    "city": "",
    "is_wangwang_public": true,
    "qq": "",
    "country": null,
    "notification_offer_activity_date": "1970-01-01T08:00:00Z",
    "weixin": "",
    "street_address": "",
    "weibo": "",
    "is_weibo_public": true,
    "last_login": null,
    "offer_count": 0,
    "state": null,
    "notification_offer_switch": true,
    "quote_count": 0,
    "transaction_complete_count": 0,
    "showoff_count": 0,
    "gender": "F",
    "offer_accept_count": 0,
    "zip": "",
    "order_count": 0,
    "icon_thumb": "",
    "cell": "",
    "notification_deal_switch": true,
    "has_new_offer_activity": false,
    "notification_offer_activity_switch": true,
    "city_id": null,
    "notification_deal_date": "1970-01-01T08:00:00Z",
    "nickname": "j33",
    "is_email_public": true,
    "agent_blacklist": null,
    "notification_offer_date": "1970-01-01T08:00:00Z",
    "signature": "",
    "feedback_count": 0,
    "uid": "75e4133f-d75a-4a11-b124-36b1b2f9cc70",
    "is_weixin_public": true,
    "icon": "",
    "referrer": null,
    "is_residence_public": true,
    "notification_state_date": "1970-01-01T08:00:00Z",
    "is_gender_public": true,
    "notification_state_switch": true
  },
  "model": "user.customerprofile",
  "pk": 30
},
{
  "fields": {
    "wangwang": "",
    "is_qq_public": true,
    "residence": "",
    "city": "",
    "is_wangwang_public": true,
    "qq": "",
    "country": null,
    "notification_offer_activity_date": "1970-01-01T08:00:00Z",
    "weixin": "",
    "street_address": "",
    "weibo": "",
    "is_weibo_public": true,
    "last_login": null,
    "offer_count": 0,
    "state": null,
    "notification_offer_switch": true,
    "quote_count": 0,
    "transaction_complete_count": 0,
    "showoff_count": 0,
    "gender": "F",
    "offer_accept_count": 0,
    "zip": "",
    "order_count": 0,
    "icon_thumb": "",
    "cell": "",
    "notification_deal_switch": true,
    "has_new_offer_activity": false,
    "notification_offer_activity_switch": true,
    "city_id": null,
    "notification_deal_date": "1970-01-01T08:00:00Z",
    "nickname": "j34",
    "is_email_public": true,
    "agent_blacklist": null,
    "notification_offer_date": "1970-01-01T08:00:00Z",
    "signature": "",
    "feedback_count": 0,
    "uid": "989f0098-55a9-4755-80ac-92c26789d7bf",
    "is_weixin_public": true,
    "icon": "",
    "referrer": null,
    "is_residence_public": true,
    "notification_state_date": "1970-01-01T08:00:00Z",
    "is_gender_public": true,
    "notification_state_switch": true
  },
  "model": "user.customerprofile",
  "pk": 31
},
{
  "fields": {
    "wangwang": "",
    "is_qq_public": true,
    "residence": "",
    "city": "",
    "is_wangwang_public": true,
    "qq": "",
    "country": null,
    "notification_offer_activity_date": "1970-01-01T08:00:00Z",
    "weixin": "",
    "street_address": "",
    "weibo": "",
    "is_weibo_public": true,
    "last_login": null,
    "offer_count": 0,
    "state": null,
    "notification_offer_switch": true,
    "quote_count": 0,
    "transaction_complete_count": 0,
    "showoff_count": 0,
    "gender": "F",
    "offer_accept_count": 0,
    "zip": "",
    "order_count": 0,
    "icon_thumb": "",
    "cell": "",
    "notification_deal_switch": true,
    "has_new_offer_activity": false,
    "notification_offer_activity_switch": true,
    "city_id": null,
    "notification_deal_date": "1970-01-01T08:00:00Z",
    "nickname": "j35",
    "is_email_public": true,
    "agent_blacklist": null,
    "notification_offer_date": "1970-01-01T08:00:00Z",
    "signature": "",
    "feedback_count": 0,
    "uid": "591b8a59-f911-4b0e-b4f6-52dfb76fb533",
    "is_weixin_public": true,
    "icon": "",
    "referrer": null,
    "is_residence_public": true,
    "notification_state_date": "1970-01-01T08:00:00Z",
    "is_gender_public": true,
    "notification_state_switch": true
  },
  "model": "user.customerprofile",
  "pk": 32
},
{
  "fields": {
    "wangwang": "",
    "is_qq_public": true,
    "residence": "\u7f8e\u56fd.\u52a0\u5229\u798f\u5c3c\u4e9a\u5723\u4f55\u585e",
    "city": "",
    "is_wangwang_public": true,
    "qq": "",
    "country": null,
    "notification_offer_activity_date": "1970-01-01T08:00:00Z",
    "weixin": "",
    "street_address": "",
    "weibo": "",
    "is_weibo_public": true,
    "last_login": null,
    "offer_count": 0,
    "state": null,
    "notification_offer_switch": true,
    "quote_count": 0,
    "transaction_complete_count": 0,
    "showoff_count": 0,
    "gender": "F",
    "offer_accept_count": 0,
    "zip": "",
    "order_count": 0,
    "icon_thumb": "photos/profile/icons/thumbnails/2014/10/23/1650402734.JPG",
    "cell": "",
    "notification_deal_switch": true,
    "has_new_offer_activity": false,
    "notification_offer_activity_switch": true,
    "city_id": null,
    "notification_deal_date": "1970-01-01T08:00:00Z",
    "nickname": "customer1",
    "is_email_public": false,
    "agent_blacklist": null,
    "notification_offer_date": "1970-01-01T08:00:00Z",
    "signature": "",
    "feedback_count": 0,
    "uid": "bcf6e4c5-cbda-4ffe-8e99-fd4915ea86e8",
    "is_weixin_public": true,
    "icon": "photos/profile/icons/2014/10/23/4527331998.JPG",
    "referrer": null,
    "is_residence_public": true,
    "notification_state_date": "1970-01-01T08:00:00Z",
    "is_gender_public": true,
    "notification_state_switch": true
  },
  "model": "user.customerprofile",
  "pk": 38
},
{
  "fields": {
    "wangwang": "",
    "is_qq_public": true,
    "residence": "",
    "city": "",
    "is_wangwang_public": true,
    "qq": "",
    "country": null,
    "notification_offer_activity_date": "2015-02-12T08:05:43.042Z",
    "weixin": "",
    "street_address": "",
    "weibo": "",
    "is_weibo_public": true,
    "last_login": null,
    "offer_count": 12,
    "state": null,
    "notification_offer_switch": true,
    "quote_count": 0,
    "transaction_complete_count": 0,
    "showoff_count": 0,
    "gender": "M",
    "offer_accept_count": 0,
    "zip": "",
    "order_count": 12,
    "icon_thumb": "photos/profile/icons/thumbnails/2014/11/23/0240170908.jpg",
    "cell": "",
    "notification_deal_switch": true,
    "has_new_offer_activity": false,
    "notification_offer_activity_switch": true,
    "city_id": null,
    "notification_deal_date": "2015-02-15T02:21:35.947Z",
    "nickname": "ff",
    "is_email_public": false,
    "agent_blacklist": null,
    "notification_offer_date": "2015-02-12T08:05:40.634Z",
    "signature": "",
    "feedback_count": 0,
    "uid": "fa6cf2e3-22a5-4299-b208-1f5f309a028b",
    "is_weixin_public": true,
    "icon": "photos/profile/icons/2014/11/23/3897316634.jpg",
    "referrer": null,
    "is_residence_public": true,
    "notification_state_date": "1970-01-01T08:00:00Z",
    "is_gender_public": true,
    "notification_state_switch": true
  },
  "model": "user.customerprofile",
  "pk": 39
},
{
  "fields": {
    "wangwang": "",
    "is_qq_public": true,
    "residence": "",
    "city": "",
    "is_wangwang_public": true,
    "qq": "",
    "country": null,
    "notification_offer_activity_date": "1970-01-01T08:00:00Z",
    "weixin": "",
    "street_address": "",
    "weibo": "",
    "is_weibo_public": true,
    "last_login": null,
    "offer_count": 0,
    "state": null,
    "notification_offer_switch": true,
    "quote_count": 0,
    "transaction_complete_count": 0,
    "showoff_count": 0,
    "gender": "F",
    "offer_accept_count": 0,
    "zip": "",
    "order_count": 0,
    "icon_thumb": "photos/profile/icons/thumbnails/2014/11/01/1927751762.jpg",
    "cell": "",
    "notification_deal_switch": true,
    "has_new_offer_activity": false,
    "notification_offer_activity_switch": true,
    "city_id": null,
    "notification_deal_date": "1970-01-01T08:00:00Z",
    "nickname": "\u756a\u8304\u7092\u86cb",
    "is_email_public": false,
    "agent_blacklist": null,
    "notification_offer_date": "1970-01-01T08:00:00Z",
    "signature": "",
    "feedback_count": 0,
    "uid": "f21116f5-7331-449a-8631-20af35a4e746",
    "is_weixin_public": true,
    "icon": "photos/profile/icons/2014/11/01/9558826105.jpg",
    "referrer": null,
    "is_residence_public": true,
    "notification_state_date": "1970-01-01T08:00:00Z",
    "is_gender_public": true,
    "notification_state_switch": true
  },
  "model": "user.customerprofile",
  "pk": 41
},
{
  "fields": {
    "wangwang": "",
    "is_qq_public": true,
    "residence": "",
    "city": "",
    "is_wangwang_public": true,
    "qq": "",
    "country": null,
    "notification_offer_activity_date": "2014-12-17T15:00:43.230Z",
    "weixin": "",
    "street_address": "",
    "weibo": "",
    "is_weibo_public": true,
    "last_login": null,
    "offer_count": 1,
    "state": null,
    "notification_offer_switch": true,
    "quote_count": 0,
    "transaction_complete_count": 0,
    "showoff_count": 0,
    "gender": "F",
    "offer_accept_count": 1,
    "zip": "",
    "order_count": 1,
    "icon_thumb": "photos/profile/icons/thumbnails/2014/11/01/2376762832.jpg",
    "cell": "",
    "notification_deal_switch": true,
    "has_new_offer_activity": false,
    "notification_offer_activity_switch": true,
    "city_id": null,
    "notification_deal_date": "2015-01-23T05:39:13.672Z",
    "nickname": "\u8292\u679c\u7ef5\u7ef5\u51b0",
    "is_email_public": false,
    "agent_blacklist": null,
    "notification_offer_date": "2015-01-19T03:26:49.453Z",
    "signature": "",
    "feedback_count": 0,
    "uid": "7edc124a-791f-4806-9b6b-5647d58d1a52",
    "is_weixin_public": true,
    "icon": "photos/profile/icons/2014/11/01/1983806903.jpg",
    "referrer": null,
    "is_residence_public": true,
    "notification_state_date": "2015-01-19T03:28:36.561Z",
    "is_gender_public": true,
    "notification_state_switch": true
  },
  "model": "user.customerprofile",
  "pk": 47
},
{
  "fields": {
    "wangwang": "",
    "is_qq_public": true,
    "residence": "",
    "city": "",
    "is_wangwang_public": true,
    "qq": "",
    "country": null,
    "notification_offer_activity_date": "1970-01-01T08:00:00Z",
    "weixin": "",
    "street_address": "",
    "weibo": "",
    "is_weibo_public": true,
    "last_login": null,
    "offer_count": 0,
    "state": null,
    "notification_offer_switch": true,
    "quote_count": 0,
    "transaction_complete_count": 0,
    "showoff_count": 0,
    "gender": "F",
    "offer_accept_count": 0,
    "zip": "",
    "order_count": 0,
    "icon_thumb": "photos/profile/icons/thumbnails/2014/11/01/4561313813.JPG",
    "cell": "",
    "notification_deal_switch": true,
    "has_new_offer_activity": false,
    "notification_offer_activity_switch": true,
    "city_id": null,
    "notification_deal_date": "1970-01-01T08:00:00Z",
    "nickname": "\u996d\u56e2",
    "is_email_public": false,
    "agent_blacklist": null,
    "notification_offer_date": "1970-01-01T08:00:00Z",
    "signature": "",
    "feedback_count": 0,
    "uid": "45fe23ef-b232-4e71-ac31-445a62278d04",
    "is_weixin_public": true,
    "icon": "photos/profile/icons/2014/11/01/2590607210.JPG",
    "referrer": null,
    "is_residence_public": true,
    "notification_state_date": "1970-01-01T08:00:00Z",
    "is_gender_public": true,
    "notification_state_switch": true
  },
  "model": "user.customerprofile",
  "pk": 52
},
{
  "fields": {
    "wangwang": "",
    "is_qq_public": true,
    "residence": "",
    "city": "",
    "is_wangwang_public": true,
    "qq": "",
    "country": null,
    "notification_offer_activity_date": "2015-02-09T03:29:31.070Z",
    "weixin": "",
    "street_address": "",
    "weibo": "",
    "is_weibo_public": true,
    "last_login": null,
    "offer_count": 0,
    "state": null,
    "notification_offer_switch": true,
    "quote_count": 0,
    "transaction_complete_count": 0,
    "showoff_count": 0,
    "gender": "F",
    "offer_accept_count": 0,
    "zip": "",
    "order_count": 1,
    "icon_thumb": "",
    "cell": "",
    "notification_deal_switch": true,
    "has_new_offer_activity": false,
    "notification_offer_activity_switch": true,
    "city_id": null,
    "notification_deal_date": "2015-02-09T03:27:58.934Z",
    "nickname": "strawberry",
    "is_email_public": false,
    "agent_blacklist": null,
    "notification_offer_date": "2015-02-09T03:29:27.019Z",
    "signature": "",
    "feedback_count": 0,
    "uid": "afc0ef9f-15d6-4fe0-94aa-780b7d0cc740",
    "is_weixin_public": true,
    "icon": "",
    "referrer": null,
    "is_residence_public": true,
    "notification_state_date": "1970-01-01T08:00:00Z",
    "is_gender_public": true,
    "notification_state_switch": true
  },
  "model": "user.customerprofile",
  "pk": 60
},
{
  "fields": {
    "wangwang": "",
    "is_qq_public": true,
    "residence": "",
    "city": "",
    "is_wangwang_public": true,
    "qq": "",
    "country": null,
    "notification_offer_activity_date": "1970-01-01T08:00:00Z",
    "weixin": "",
    "street_address": "",
    "weibo": "",
    "is_weibo_public": true,
    "last_login": null,
    "offer_count": 0,
    "state": null,
    "notification_offer_switch": true,
    "quote_count": 0,
    "transaction_complete_count": 0,
    "showoff_count": 0,
    "gender": "F",
    "offer_accept_count": 0,
    "zip": "",
    "order_count": 0,
    "icon_thumb": "",
    "cell": "",
    "notification_deal_switch": true,
    "has_new_offer_activity": false,
    "notification_offer_activity_switch": true,
    "city_id": null,
    "notification_deal_date": "1970-01-01T08:00:00Z",
    "nickname": "c1",
    "is_email_public": false,
    "agent_blacklist": null,
    "notification_offer_date": "1970-01-01T08:00:00Z",
    "signature": "",
    "feedback_count": 0,
    "uid": "7634fcdf-b80b-42ee-a967-a9e61e88c6be",
    "is_weixin_public": true,
    "icon": "",
    "referrer": null,
    "is_residence_public": true,
    "notification_state_date": "1970-01-01T08:00:00Z",
    "is_gender_public": true,
    "notification_state_switch": true
  },
  "model": "user.customerprofile",
  "pk": 62
},
{
  "fields": {
    "wangwang": "",
    "is_qq_public": true,
    "residence": "",
    "city": "",
    "is_wangwang_public": true,
    "qq": "",
    "country": null,
    "notification_offer_activity_date": "2015-02-11T05:14:59.571Z",
    "weixin": "",
    "street_address": "",
    "weibo": "",
    "is_weibo_public": true,
    "last_login": null,
    "offer_count": 0,
    "state": null,
    "notification_offer_switch": true,
    "quote_count": 0,
    "transaction_complete_count": 0,
    "showoff_count": 0,
    "gender": "F",
    "offer_accept_count": 0,
    "zip": "",
    "order_count": 1,
    "icon_thumb": "",
    "cell": "",
    "notification_deal_switch": true,
    "has_new_offer_activity": false,
    "notification_offer_activity_switch": true,
    "city_id": null,
    "notification_deal_date": "2015-02-12T04:56:06.242Z",
    "nickname": "c2",
    "is_email_public": false,
    "agent_blacklist": null,
    "notification_offer_date": "2015-02-12T05:03:18.073Z",
    "signature": "",
    "feedback_count": 0,
    "uid": "c1355213-3d64-45e6-8c94-7f204382f7c7",
    "is_weixin_public": true,
    "icon": "",
    "referrer": null,
    "is_residence_public": true,
    "notification_state_date": "1970-01-01T08:00:00Z",
    "is_gender_public": true,
    "notification_state_switch": true
  },
  "model": "user.customerprofile",
  "pk": 63
},
{
  "fields": {
    "wangwang": "",
    "is_qq_public": true,
    "residence": "\u7f8e\u56fd.\u4fc4\u52d2\u5188\u5dde\u5e0c\u5c14\u65af\u4f2f\u52d2",
    "city": "",
    "is_wangwang_public": true,
    "qq": "",
    "country": null,
    "notification_offer_activity_date": "1970-01-01T00:00:00Z",
    "weixin": "",
    "street_address": "",
    "weibo": "",
    "is_weibo_public": true,
    "last_login": null,
    "offer_count": 0,
    "state": null,
    "notification_offer_switch": true,
    "quote_count": 0,
    "transaction_complete_count": 0,
    "showoff_count": 0,
    "gender": "F",
    "offer_accept_count": 0,
    "zip": "",
    "order_count": 0,
    "icon_thumb": "",
    "cell": "",
    "notification_deal_switch": true,
    "has_new_offer_activity": false,
    "notification_offer_activity_switch": true,
    "city_id": null,
    "notification_deal_date": "1970-01-01T00:00:00Z",
    "nickname": "shifangliu",
    "is_email_public": false,
    "agent_blacklist": null,
    "notification_offer_date": "1970-01-01T00:00:00Z",
    "signature": "",
    "feedback_count": 0,
    "uid": "1760fbaa-015e-4bd0-9b26-135ff81b9d86",
    "is_weixin_public": true,
    "icon": "",
    "referrer": null,
    "is_residence_public": true,
    "notification_state_date": "1970-01-01T00:00:00Z",
    "is_gender_public": true,
    "notification_state_switch": true
  },
  "model": "user.customerprofile",
  "pk": 64
},
{
  "fields": {
    "shipping_rate": "46.00",
    "commission_rate": "10.00",
    "exchange_rate": "6.40",
    "custom": true,
    "creation_date": "2014-12-28T01:53:31.568Z",
    "is_public": false,
    "name": "\u5305\u5173\u7a0e\u5230\u624b\u4ef7",
    "sales_tax_rate": "0.00"
  },
  "model": "user.agentformula",
  "pk": 1
},
{
  "fields": {
    "shipping_rate": "50.00",
    "commission_rate": "20.00",
    "exchange_rate": "6.40",
    "custom": true,
    "creation_date": "2014-12-28T04:05:24.924Z",
    "is_public": false,
    "name": "test1",
    "sales_tax_rate": "8.00"
  },
  "model": "user.agentformula",
  "pk": 2
},
{
  "fields": {
    "shipping_rate": "22.00",
    "commission_rate": "22.00",
    "exchange_rate": "22.00",
    "custom": true,
    "creation_date": "2014-12-28T17:15:01.958Z",
    "is_public": false,
    "name": "test2",
    "sales_tax_rate": "22.00"
  },
  "model": "user.agentformula",
  "pk": 3
},
{
  "fields": {
    "shipping_rate": "33.00",
    "commission_rate": "33.00",
    "exchange_rate": "33.00",
    "custom": true,
    "creation_date": "2014-12-28T17:40:26.443Z",
    "is_public": false,
    "name": "test3",
    "sales_tax_rate": "33.00"
  },
  "model": "user.agentformula",
  "pk": 5
},
{
  "fields": {
    "description": "\u6dd8\u5b9d\u652f\u4ed8",
    "url": "http://item.taobao.com/item.htm?spm=a1z10.1.w4004-7948050607.4.rcweCr&id=17711834758",
    "account_id": "\u897f\u5cb8\u7684\u6d77\u8349",
    "name": "\u6dd8\u5b9d"
  },
  "model": "user.agentpaymentmethod",
  "pk": 2
},
{
  "fields": {
    "description": "\u6d0b\u7801\u5934\u652f\u4ed8",
    "url": "http://www.ymatou.com/Shop/1949",
    "account_id": "\u897f\u5cb8\u7684\u6d77\u8349\u514d\u7a0e\u7f8e\u4ee3",
    "name": "\u7801\u5934"
  },
  "model": "user.agentpaymentmethod",
  "pk": 3
},
{
  "fields": {
    "description": "\u652f\u4ed8\u5b9d\u76f4\u63a5\u6253\u6b3e",
    "url": "https://www.alipay.com/",
    "account_id": "seaweedhome@live.com",
    "name": "\u652f\u4ed8\u5b9d"
  },
  "model": "user.agentpaymentmethod",
  "pk": 4
},
{
  "fields": {
    "description": "taobao",
    "url": "http://taobao.com",
    "account_id": "123124124124",
    "name": "taobao"
  },
  "model": "user.agentpaymentmethod",
  "pk": 5
},
{
  "fields": {
    "description": "zhifubao",
    "url": "http://tenpay.com",
    "account_id": "0917287424",
    "name": "zhifubao"
  },
  "model": "user.agentpaymentmethod",
  "pk": 7
},
{
  "fields": {
    "wangwang": "",
    "is_qq_public": true,
    "has_new_offer_activity": false,
    "city": "7",
    "is_wangwang_public": true,
    "qq": "",
    "country": 2,
    "notification_offer_activity_date": "2015-02-20T05:50:54.661Z",
    "weixin": "",
    "street_address": "12",
    "formula1": 2,
    "weibo": "",
    "is_weibo_public": true,
    "shipping_rating_count": 0,
    "last_login": null,
    "payment_method_3": null,
    "offer_count": 11,
    "state": 592,
    "residence": "\u6ce2\u7279\u5170.\u4fc4\u52d2\u5188\u5dde.\u7f8e\u5229\u575a\u5408\u4f17\u56fd",
    "status": "AP",
    "transaction_complete_count": 1,
    "notification_order_switch": true,
    "gender": "F",
    "offer_accept_count": 6,
    "formula3": 5,
    "zip": "4",
    "uid": "b1877c66-b095-4a25-b1f7-46c34b4b02dd",
    "icon_thumb": "photos/profile/icons/thumbnails/2014/11/13/3426338798.jpg",
    "notification_order_date": "2015-02-20T05:50:09.276Z",
    "default_formula": 1,
    "cell": "4",
    "notification_deal_switch": true,
    "formula2": 3,
    "payment_method_2": 7,
    "notification_offer_activity_switch": true,
    "city_id": null,
    "notification_deal_date": "2015-02-09T06:44:59.803Z",
    "rating_count": 0,
    "nickname": "redheart",
    "is_email_public": false,
    "shipping_rating_total": 0,
    "default_payment_method": 1,
    "transaction_count": 0,
    "address_image": "photos/profile/agent/address_image/2014/09/13/2556226681.png",
    "rating_total": 0,
    "is_gender_public": true,
    "id_image": "photos/profile/agent/id_image/2014/09/13/5151245828.png",
    "is_weixin_public": true,
    "icon": "photos/profile/icons/2014/11/13/6101983572.jpg",
    "referrer": null,
    "payment_method_1": 5,
    "notification_state_date": "1970-01-01T08:00:00Z",
    "signature": "",
    "notification_state_switch": true
  },
  "model": "user.agentprofile",
  "pk": 35
},
{
  "fields": {
    "wangwang": "",
    "is_qq_public": true,
    "has_new_offer_activity": false,
    "city": "",
    "is_wangwang_public": true,
    "qq": "",
    "country": null,
    "notification_offer_activity_date": "1970-01-01T08:00:00Z",
    "weixin": "",
    "street_address": "",
    "formula1": null,
    "weibo": "",
    "is_weibo_public": true,
    "shipping_rating_count": 0,
    "last_login": null,
    "payment_method_3": null,
    "offer_count": 0,
    "state": null,
    "residence": "\u7f8e\u5229\u575a\u5408\u4f17\u56fd.\u5f97\u514b\u8428\u65af\u5965\u65af\u6c40",
    "status": "NS",
    "transaction_complete_count": 0,
    "notification_order_switch": true,
    "gender": "F",
    "offer_accept_count": 0,
    "formula3": null,
    "zip": "",
    "uid": "a2060bb7-f467-490b-817b-5dce8b693e7e",
    "icon_thumb": "",
    "notification_order_date": "1970-01-01T08:00:00Z",
    "default_formula": null,
    "cell": "",
    "notification_deal_switch": true,
    "formula2": null,
    "payment_method_2": null,
    "notification_offer_activity_switch": true,
    "city_id": null,
    "notification_deal_date": "1970-01-01T08:00:00Z",
    "rating_count": 0,
    "nickname": "Duoli",
    "is_email_public": false,
    "shipping_rating_total": 0,
    "default_payment_method": null,
    "transaction_count": 0,
    "address_image": "",
    "rating_total": 0,
    "is_gender_public": true,
    "id_image": "",
    "is_weixin_public": true,
    "icon": "",
    "referrer": null,
    "payment_method_1": null,
    "notification_state_date": "1970-01-01T08:00:00Z",
    "signature": "",
    "notification_state_switch": true
  },
  "model": "user.agentprofile",
  "pk": 36
},
{
  "fields": {
    "wangwang": "",
    "is_qq_public": true,
    "has_new_offer_activity": false,
    "city": "austin",
    "is_wangwang_public": true,
    "qq": "56357073",
    "country": 2,
    "notification_offer_activity_date": "2015-01-24T04:09:25.387Z",
    "weixin": "Dollydaigou",
    "street_address": "2505 longview st.",
    "formula1": null,
    "weibo": "Tiffany\u4e4b\u543b",
    "is_weibo_public": true,
    "shipping_rating_count": 0,
    "last_login": null,
    "payment_method_3": null,
    "offer_count": 0,
    "state": 633,
    "residence": "\u7f8e\u5229\u575a\u5408\u4f17\u56fd.\u5f97\u514b\u8428\u65af\u5965\u65af\u6c40",
    "status": "AP",
    "transaction_complete_count": 0,
    "notification_order_switch": true,
    "gender": "F",
    "offer_accept_count": 0,
    "formula3": null,
    "zip": "78705",
    "uid": "b115c946-77fe-41f7-87f3-104bcfa84d76",
    "icon_thumb": "",
    "notification_order_date": "2015-01-24T04:08:48.736Z",
    "default_formula": null,
    "cell": "5202222398",
    "notification_deal_switch": true,
    "formula2": null,
    "payment_method_2": null,
    "notification_offer_activity_switch": true,
    "city_id": null,
    "notification_deal_date": "1970-01-01T08:00:00Z",
    "rating_count": 0,
    "nickname": "Dollyduoli",
    "is_email_public": false,
    "shipping_rating_total": 0,
    "default_payment_method": null,
    "transaction_count": 0,
    "address_image": "photos/profile/agent/address_image/2014/09/13/9214259132.jpg",
    "rating_total": 0,
    "is_gender_public": true,
    "id_image": "photos/profile/agent/id_image/2014/09/13/3971837293.jpg",
    "is_weixin_public": true,
    "icon": "photos/profile/icons/2014/09/13/9662053014.jpg",
    "referrer": null,
    "payment_method_1": null,
    "notification_state_date": "1970-01-01T08:00:00Z",
    "signature": "\u9760\u8c31\u5c0f\u4ee3\u8d2d",
    "notification_state_switch": true
  },
  "model": "user.agentprofile",
  "pk": 37
},
{
  "fields": {
    "wangwang": "",
    "is_qq_public": true,
    "has_new_offer_activity": true,
    "city": "austin",
    "is_wangwang_public": true,
    "qq": "",
    "country": 2,
    "notification_offer_activity_date": "1970-01-01T08:00:00Z",
    "weixin": "Dollydaigou",
    "street_address": "2810 salado",
    "formula1": null,
    "weibo": "",
    "is_weibo_public": true,
    "shipping_rating_count": 0,
    "last_login": null,
    "payment_method_3": null,
    "offer_count": 12,
    "state": 633,
    "residence": "\u7f8e\u56fd.\u5f97\u514b\u8428\u65af\u5965\u65af\u6c40",
    "status": "AP",
    "transaction_complete_count": 0,
    "notification_order_switch": true,
    "gender": "F",
    "offer_accept_count": 1,
    "formula3": null,
    "zip": "78705",
    "uid": "89ac8d28-4e5d-4178-8f7f-71e8e1f86e2a",
    "icon_thumb": "photos/profile/icons/thumbnails/2014/11/01/2345079454.jpg",
    "notification_order_date": "2015-01-02T05:42:00.460Z",
    "default_formula": null,
    "cell": "5202222397",
    "notification_deal_switch": true,
    "formula2": null,
    "payment_method_2": null,
    "notification_offer_activity_switch": true,
    "city_id": null,
    "notification_deal_date": "1970-01-01T08:00:00Z",
    "rating_count": 0,
    "nickname": "\u5c0fD",
    "is_email_public": false,
    "shipping_rating_total": 0,
    "default_payment_method": null,
    "transaction_count": 0,
    "address_image": "photos/profile/agent/address_image/2014/11/01/3890900468.jpg",
    "rating_total": 0,
    "is_gender_public": true,
    "id_image": "photos/profile/agent/id_image/2014/11/01/4020623249.jpg",
    "is_weixin_public": true,
    "icon": "photos/profile/icons/2014/11/01/6031648640.jpg",
    "referrer": null,
    "payment_method_1": null,
    "notification_state_date": "1970-01-01T08:00:00Z",
    "signature": "\u5fb7\u5dde\u5c0f\u4ee3\u8d2d",
    "notification_state_switch": true
  },
  "model": "user.agentprofile",
  "pk": 49
},
{
  "fields": {
    "wangwang": "\u897f\u5cb8\u7684\u6d77\u8349",
    "is_qq_public": true,
    "has_new_offer_activity": false,
    "city": "Portland",
    "is_wangwang_public": true,
    "qq": "214805114",
    "country": 2,
    "notification_offer_activity_date": "2015-02-23T01:19:42.316Z",
    "weixin": "seaweedhome",
    "street_address": "fleischner st",
    "formula1": 1,
    "weibo": "\u897f\u5cb8\u7684\u6d77\u8349\u514d\u7a0e\u7f8e\u4ee3",
    "is_weibo_public": true,
    "shipping_rating_count": 0,
    "last_login": null,
    "payment_method_3": 4,
    "offer_count": 31,
    "state": 627,
    "residence": "\u7f8e\u56fd.\u4fc4\u52d2\u5188\u6ce2\u7279\u5170",
    "status": "AP",
    "transaction_complete_count": 2,
    "notification_order_switch": true,
    "gender": "F",
    "offer_accept_count": 10,
    "formula3": null,
    "zip": "97229",
    "uid": "6691aadc-5ec9-4142-aeb7-5bf630be79d6",
    "icon_thumb": "photos/profile/icons/thumbnails/2014/11/08/5740080821.jpg",
    "notification_order_date": "2015-02-23T01:19:09.540Z",
    "default_formula": 1,
    "cell": "7026284210",
    "notification_deal_switch": true,
    "formula2": null,
    "payment_method_2": 3,
    "notification_offer_activity_switch": true,
    "city_id": null,
    "notification_deal_date": "2015-02-08T04:29:14.415Z",
    "rating_count": 0,
    "nickname": "\u897f\u5cb8\u7684\u6d77\u8349",
    "is_email_public": false,
    "shipping_rating_total": 0,
    "default_payment_method": 1,
    "transaction_count": 0,
    "address_image": "photos/profile/agent/address_image/2014/11/01/3063446002.jpg",
    "rating_total": 0,
    "is_gender_public": true,
    "id_image": "photos/profile/agent/id_image/2014/11/01/0650289066.png",
    "is_weixin_public": true,
    "icon": "photos/profile/icons/2014/11/08/5147359551.jpg",
    "referrer": null,
    "payment_method_1": 2,
    "notification_state_date": "1970-01-01T08:00:00Z",
    "signature": "\u897f\u5cb8\u7684\u6d77\u8349\u514d\u7a0e\u7f8e\u4ee3",
    "notification_state_switch": true
  },
  "model": "user.agentprofile",
  "pk": 53
},
{
  "fields": {
    "wangwang": "\u53ef\u82d3\u53ef\u8354",
    "is_qq_public": true,
    "has_new_offer_activity": true,
    "city": "somewhere",
    "is_wangwang_public": true,
    "qq": "115253906",
    "country": 2,
    "notification_offer_activity_date": "1970-01-01T08:00:00Z",
    "weixin": "ql115253906",
    "street_address": "somewhere",
    "formula1": null,
    "weibo": "qinling912@sina.com",
    "is_weibo_public": true,
    "shipping_rating_count": 0,
    "last_login": null,
    "payment_method_3": null,
    "offer_count": 1,
    "state": 592,
    "residence": "\u7f8e\u56fd.\u4fc4\u52d2\u5188\u6ce2\u7279\u5170",
    "status": "AP",
    "transaction_complete_count": 0,
    "notification_order_switch": true,
    "gender": "F",
    "offer_accept_count": 1,
    "formula3": null,
    "zip": "000000",
    "uid": "01adb95b-4bf9-4dcb-befd-d900303ad797",
    "icon_thumb": "photos/profile/icons/thumbnails/2014/11/08/2211585793.jpg",
    "notification_order_date": "2014-12-17T14:56:13.008Z",
    "default_formula": null,
    "cell": "13989478356",
    "notification_deal_switch": true,
    "formula2": null,
    "payment_method_2": null,
    "notification_offer_activity_switch": true,
    "city_id": null,
    "notification_deal_date": "1970-01-01T08:00:00Z",
    "rating_count": 0,
    "nickname": "\u756a\u77f3\u69b4",
    "is_email_public": false,
    "shipping_rating_total": 0,
    "default_payment_method": null,
    "transaction_count": 0,
    "address_image": "photos/profile/agent/address_image/2014/11/08/1484808205.jpg",
    "rating_total": 0,
    "is_gender_public": true,
    "id_image": "photos/profile/agent/id_image/2014/11/08/2240638378.JPG",
    "is_weixin_public": true,
    "icon": "photos/profile/icons/2014/11/08/1827301343.jpg",
    "referrer": null,
    "payment_method_1": null,
    "notification_state_date": "1970-01-01T08:00:00Z",
    "signature": "\u4e70\u4e70\u4e70",
    "notification_state_switch": true
  },
  "model": "user.agentprofile",
  "pk": 55
},
{
  "fields": {
    "wangwang": "",
    "is_qq_public": true,
    "has_new_offer_activity": true,
    "city": "",
    "is_wangwang_public": true,
    "qq": "",
    "country": null,
    "notification_offer_activity_date": "1970-01-01T08:00:00Z",
    "weixin": "",
    "street_address": "",
    "formula1": null,
    "weibo": "",
    "is_weibo_public": true,
    "shipping_rating_count": 0,
    "last_login": null,
    "payment_method_3": null,
    "offer_count": 1,
    "state": null,
    "residence": "\u7f8e\u56fd.\u4fc4\u52d2\u5188\u6ce2\u7279\u5170",
    "status": "AP",
    "transaction_complete_count": 0,
    "notification_order_switch": true,
    "gender": "F",
    "offer_accept_count": 0,
    "formula3": null,
    "zip": "",
    "uid": "8744ab3f-5db2-4dcb-85d1-4855000c2908",
    "icon_thumb": "",
    "notification_order_date": "2015-02-06T01:11:45.560Z",
    "default_formula": null,
    "cell": "",
    "notification_deal_switch": true,
    "formula2": null,
    "payment_method_2": null,
    "notification_offer_activity_switch": true,
    "city_id": null,
    "notification_deal_date": "1970-01-01T08:00:00Z",
    "rating_count": 0,
    "nickname": "\u7ea2\u6843\u8001\u5927",
    "is_email_public": false,
    "shipping_rating_total": 0,
    "default_payment_method": null,
    "transaction_count": 0,
    "address_image": "",
    "rating_total": 0,
    "is_gender_public": true,
    "id_image": "",
    "is_weixin_public": true,
    "icon": "",
    "referrer": null,
    "payment_method_1": null,
    "notification_state_date": "1970-01-01T08:00:00Z",
    "signature": "",
    "notification_state_switch": true
  },
  "model": "user.agentprofile",
  "pk": 57
},
{
  "fields": {
    "wangwang": "",
    "is_qq_public": true,
    "has_new_offer_activity": false,
    "city": "what",
    "is_wangwang_public": true,
    "qq": "261009268",
    "country": 2,
    "notification_offer_activity_date": "1970-01-01T08:00:00Z",
    "weixin": "nodish",
    "street_address": "what",
    "formula1": null,
    "weibo": "",
    "is_weibo_public": true,
    "shipping_rating_count": 0,
    "last_login": null,
    "payment_method_3": null,
    "offer_count": 13,
    "state": 599,
    "residence": "\u4e2d\u56fd.\u6d59\u6c5f\u7701\u676d\u5dde\u5e02",
    "status": "AP",
    "transaction_complete_count": 0,
    "notification_order_switch": true,
    "gender": "M",
    "offer_accept_count": 0,
    "formula3": null,
    "zip": "2343434",
    "uid": "f56c888c-26e3-4ea4-8083-e9262aaf7e04",
    "icon_thumb": "photos/profile/icons/thumbnails/2014/11/12/9644478872.jpg",
    "notification_order_date": "2015-02-12T08:05:15.112Z",
    "default_formula": null,
    "cell": "234343243",
    "notification_deal_switch": true,
    "formula2": null,
    "payment_method_2": null,
    "notification_offer_activity_switch": true,
    "city_id": null,
    "notification_deal_date": "1970-01-01T08:00:00Z",
    "rating_count": 0,
    "nickname": "codable",
    "is_email_public": false,
    "shipping_rating_total": 0,
    "default_payment_method": null,
    "transaction_count": 0,
    "address_image": "photos/profile/agent/address_image/2014/11/12/4093006435.jpg",
    "rating_total": 0,
    "is_gender_public": true,
    "id_image": "photos/profile/agent/id_image/2014/11/11/3736424270.jpg",
    "is_weixin_public": true,
    "icon": "photos/profile/icons/2014/11/12/7527612556.jpg",
    "referrer": null,
    "payment_method_1": null,
    "notification_state_date": "1970-01-01T08:00:00Z",
    "signature": "",
    "notification_state_switch": true
  },
  "model": "user.agentprofile",
  "pk": 59
},
{
  "fields": {
    "wangwang": "123",
    "is_qq_public": true,
    "has_new_offer_activity": false,
    "city": "1qwerggg",
    "is_wangwang_public": true,
    "qq": "123",
    "country": 2,
    "notification_offer_activity_date": "1970-01-01T08:00:00Z",
    "weixin": "123",
    "street_address": "1",
    "formula1": null,
    "weibo": "123",
    "is_weibo_public": true,
    "shipping_rating_count": 0,
    "last_login": null,
    "payment_method_3": null,
    "offer_count": 0,
    "state": 595,
    "residence": "\u7f8e\u56fd.\u4fc4\u52d2\u5188\u5dde\u6ce2\u7279\u5170",
    "status": "NS",
    "transaction_complete_count": 0,
    "notification_order_switch": true,
    "gender": "F",
    "offer_accept_count": 0,
    "formula3": null,
    "zip": "1123",
    "uid": "08414c4a-12eb-41f9-a128-8239272f0932",
    "icon_thumb": "photos/profile/icons/thumbnails/2015/02/09/5737191602.jpg",
    "notification_order_date": "1970-01-01T08:00:00Z",
    "default_formula": null,
    "cell": "18768183634",
    "notification_deal_switch": true,
    "formula2": null,
    "payment_method_2": null,
    "notification_offer_activity_switch": true,
    "city_id": null,
    "notification_deal_date": "1970-01-01T08:00:00Z",
    "rating_count": 0,
    "nickname": "\u5b64\u5fc3\u69db\u5916\u4eba",
    "is_email_public": false,
    "shipping_rating_total": 0,
    "default_payment_method": null,
    "transaction_count": 0,
    "address_image": "photos/profile/agent/address_image/2015/02/09/7521127369.jpg",
    "rating_total": 0,
    "is_gender_public": true,
    "id_image": "photos/profile/agent/id_image/2015/02/11/6022276222.jpg",
    "is_weixin_public": true,
    "icon": "photos/profile/icons/2015/02/09/0171641580.jpg",
    "referrer": null,
    "payment_method_1": null,
    "notification_state_date": "1970-01-01T08:00:00Z",
    "signature": "",
    "notification_state_switch": true
  },
  "model": "user.agentprofile",
  "pk": 61
},
{
  "fields": {
    "message": "\u6b22\u8fce\u6765\u5230\u6d77\u4ee3\u529e <br>\r\n\u606d\u559c\u60a8\u6210\u4e3a\u9996\u6279\u5185\u6d4b\u4e70\u5bb6 <br>\r\n\u9ed1\u8272\u661f\u671f\u4e94\uff0c\u5723\u8bde\uff0c\u65b0\u5e74... <br>\r\n\u5e74\u5e95\u6253\u6298\u5b63+\u5185\u6d4b\u4ee3\u529e\u4f18\u60e0 <br>\r\n\u591a\u91cd\u5b9e\u60e0\u723d\u7ffb\u4f60 <br>\r\n\u6b22\u8fce\u5bf9\u5e73\u53f0\u7684\u5efa\u8bbe\u732e\u8ba1\u732e\u7b56 <br>\r\n\u60a8\u5c06\u6709\u673a\u4f1a\u83b7\u5f97\u4e30\u539a\u793c\u54c1\u54e6",
    "last_update": "2014-11-26T01:45:39.859Z"
  },
  "model": "user.sitemessage",
  "pk": 5
},
{
  "fields": {
    "reason": "no good",
    "add_date": "2014-09-12T05:03:24Z"
  },
  "model": "user.blacklistedagent",
  "pk": 37
},
{
  "fields": {
    "email": "jackpeng@gmail.com",
    "primary": true,
    "user": 1,
    "verified": true
  },
  "model": "account.emailaddress",
  "pk": 17
},
{
  "fields": {
    "email": "admin@haidaifan.com",
    "primary": true,
    "user": 2,
    "verified": true
  },
  "model": "account.emailaddress",
  "pk": 23
},
{
  "fields": {
    "email": "redheart.xu@gmail.com",
    "primary": true,
    "user": 25,
    "verified": true
  },
  "model": "account.emailaddress",
  "pk": 25
},
{
  "fields": {
    "email": "cicy0703@hotmail.com",
    "primary": true,
    "user": 26,
    "verified": true
  },
  "model": "account.emailaddress",
  "pk": 26
},
{
  "fields": {
    "email": "jackpeng+jjjjj@gmail.com",
    "primary": true,
    "user": 27,
    "verified": true
  },
  "model": "account.emailaddress",
  "pk": 27
},
{
  "fields": {
    "email": "dollychan1988@gmail.com",
    "primary": true,
    "user": 28,
    "verified": true
  },
  "model": "account.emailaddress",
  "pk": 28
},
{
  "fields": {
    "email": "jackpeng+j33@gmail.com",
    "primary": true,
    "user": 30,
    "verified": true
  },
  "model": "account.emailaddress",
  "pk": 30
},
{
  "fields": {
    "email": "jackpeng+j34@gmail.com",
    "primary": true,
    "user": 31,
    "verified": false
  },
  "model": "account.emailaddress",
  "pk": 31
},
{
  "fields": {
    "email": "jkpeng@yahoo.com",
    "primary": true,
    "user": 32,
    "verified": false
  },
  "model": "account.emailaddress",
  "pk": 32
},
{
  "fields": {
    "email": "redheart.xu+55@gmail.com",
    "primary": true,
    "user": 35,
    "verified": true
  },
  "model": "account.emailaddress",
  "pk": 37
},
{
  "fields": {
    "email": "redheart.xu+77@gmail.com",
    "primary": false,
    "user": 35,
    "verified": false
  },
  "model": "account.emailaddress",
  "pk": 39
},
{
  "fields": {
    "email": "56357073@gmail.com",
    "primary": true,
    "user": 36,
    "verified": false
  },
  "model": "account.emailaddress",
  "pk": 40
},
{
  "fields": {
    "email": "56357073@qq.com",
    "primary": true,
    "user": 37,
    "verified": true
  },
  "model": "account.emailaddress",
  "pk": 41
},
{
  "fields": {
    "email": "jackpeng+customer1@gmail.com",
    "primary": true,
    "user": 38,
    "verified": true
  },
  "model": "account.emailaddress",
  "pk": 42
},
{
  "fields": {
    "email": "ff@bristep.com",
    "primary": true,
    "user": 39,
    "verified": true
  },
  "model": "account.emailaddress",
  "pk": 43
},
{
  "fields": {
    "email": "qinling912@sina.com",
    "primary": true,
    "user": 41,
    "verified": true
  },
  "model": "account.emailaddress",
  "pk": 45
},
{
  "fields": {
    "email": "116897430@qq.com",
    "primary": true,
    "user": 47,
    "verified": true
  },
  "model": "account.emailaddress",
  "pk": 51
},
{
  "fields": {
    "email": "tianye0112@gmail.com",
    "primary": true,
    "user": 49,
    "verified": true
  },
  "model": "account.emailaddress",
  "pk": 53
},
{
  "fields": {
    "email": "qinling912@hotmail.com",
    "primary": true,
    "user": 52,
    "verified": true
  },
  "model": "account.emailaddress",
  "pk": 56
},
{
  "fields": {
    "email": "seaweedhome@gmail.com",
    "primary": true,
    "user": 53,
    "verified": true
  },
  "model": "account.emailaddress",
  "pk": 57
},
{
  "fields": {
    "email": "115253906@qq.com",
    "primary": true,
    "user": 55,
    "verified": true
  },
  "model": "account.emailaddress",
  "pk": 59
},
{
  "fields": {
    "email": "2814031737@qq.com",
    "primary": true,
    "user": 57,
    "verified": true
  },
  "model": "account.emailaddress",
  "pk": 61
},
{
  "fields": {
    "email": "codable@sina.com",
    "primary": true,
    "user": 59,
    "verified": true
  },
  "model": "account.emailaddress",
  "pk": 63
},
{
  "fields": {
    "email": "guxinkanwairen@163.com",
    "primary": true,
    "user": 60,
    "verified": true
  },
  "model": "account.emailaddress",
  "pk": 64
},
{
  "fields": {
    "email": "1263259885@qq.com",
    "primary": true,
    "user": 61,
    "verified": true
  },
  "model": "account.emailaddress",
  "pk": 65
},
{
  "fields": {
    "email": "jackpeng+c1@gmail.com",
    "primary": true,
    "user": 62,
    "verified": true
  },
  "model": "account.emailaddress",
  "pk": 66
},
{
  "fields": {
    "email": "jackpeng+c2@gmail.com",
    "primary": true,
    "user": 63,
    "verified": true
  },
  "model": "account.emailaddress",
  "pk": 67
},
{
  "fields": {
    "email": "shifangliu@hotmail.com",
    "primary": true,
    "user": 64,
    "verified": true
  },
  "model": "account.emailaddress",
  "pk": 68
}
]
