[
{
  "fields": {
    "name": "\u5df2\u4ed8\u6b3e",
    "description": "\u5df2\u4ed8\u5168\u6b3e",
    "order": 1,
    "flow": "\u5e73\u53f0\u652f\u4ed8"
  },
  "pk": 1,
  "model": "transaction.state"
},
{
  "fields": {
    "name": "\u91c7\u8d2d\u4e2d",
    "description": "\u91c7\u8d2d\u4e2d",
    "order": 2,
    "flow": "\u5e73\u53f0\u652f\u4ed8"
  },
  "pk": 2,
  "model": "transaction.state"
},
{
  "fields": {
    "name": "\u6295\u9012\u4e2d",
    "description": "\u6295\u9012\u4e2d",
    "order": 3,
    "flow": "\u5e73\u53f0\u652f\u4ed8"
  },
  "pk": 5,
  "model": "transaction.state"
},
{
  "fields": {
    "name": "\u4ea4\u6613\u5b8c\u6210",
    "description": "\u4ea4\u6613\u5b8c\u6210",
    "order": 4,
    "flow": "\u5e73\u53f0\u652f\u4ed8"
  },
  "pk": 6,
  "model": "transaction.state"
},
{
  "fields": {
    "name": "\u4ea4\u6613\u53d6\u6d88",
    "description": "\u4ea4\u6613\u53d6\u6d88",
    "order": 20,
    "flow": "\u5171\u540c"
  },
  "pk": 7,
  "model": "transaction.state"
},
{
  "fields": {
    "name": "\u4ed8\u6b3e\u91c7\u8d2d\u4e2d",
    "description": "\u4ed8\u6b3e\u91c7\u8d2d\u4e2d",
    "order": 5,
    "flow": "\u7b2c\u4e09\u65b9\u652f\u4ed8"
  },
  "pk": 9,
  "model": "transaction.state"
},
{
  "fields": {
    "name": "\u4ea4\u6613\u5b8c\u6210",
    "description": "\u4ea4\u6613\u5b8c\u6210",
    "order": 8,
    "flow": "\u7b2c\u4e09\u65b9\u652f\u4ed8"
  },
  "pk": 10,
  "model": "transaction.state"
},
{
  "fields": {
    "name": "\u5df2\u4ed8\u5b9a\u91d1",
    "description": "\u5df2\u4ed8\u5b9a\u91d1",
    "order": 11,
    "flow": "\u5386\u53f2"
  },
  "pk": 13,
  "model": "transaction.state"
},
{
  "fields": {
    "name": "\u91c7\u8d2d\u4e2d",
    "description": "\u91c7\u8d2d\u4e2d",
    "order": 12,
    "flow": "\u5386\u53f2"
  },
  "pk": 14,
  "model": "transaction.state"
},
{
  "fields": {
    "name": "\u5f85\u4ed8\u4f59\u6b3e",
    "description": "\u5f85\u4ed8\u4f59\u6b3e",
    "order": 13,
    "flow": "\u5386\u53f2"
  },
  "pk": 15,
  "model": "transaction.state"
},
{
  "fields": {
    "name": "\u5f85\u53d1\u8d27",
    "description": "\u5f85\u53d1\u8d27",
    "order": 14,
    "flow": "\u5386\u53f2"
  },
  "pk": 16,
  "model": "transaction.state"
},
{
  "fields": {
    "name": "\u7269\u6d41\u4e2d",
    "description": "\u7269\u6d41\u4e2d",
    "order": 15,
    "flow": "\u5386\u53f2"
  },
  "pk": 17,
  "model": "transaction.state"
},
{
  "fields": {
    "name": "\u4ea4\u6613\u5b8c\u6210",
    "description": "\u4ea4\u6613\u5b8c\u6210",
    "order": 16,
    "flow": "\u5386\u53f2"
  },
  "pk": 18,
  "model": "transaction.state"
},
{
  "fields": {
    "name": "\u5f03\u5355",
    "description": "\u6263\u5b9a\u91d1\uff0c\u9000\u4f59\u6b3e\uff0c\u4ea4\u6613\u53d6\u6d88",
    "order": 1,
    "next_state": 7,
    "current_state": 1
  },
  "pk": 1,
  "model": "transaction.customeraction"
},
{
  "fields": {
    "name": "\u5f03\u5355",
    "description": "\u6263\u5b9a\u91d1\uff0c\u9000\u4f59\u6b3e\uff0c\u4ea4\u6613\u53d6\u6d88",
    "order": 1,
    "next_state": 7,
    "current_state": 2
  },
  "pk": 2,
  "model": "transaction.customeraction"
},
{
  "fields": {
    "name": "\u8865\u6b3e",
    "description": "\u8865\u6b3e",
    "order": 3,
    "next_state": 5,
    "current_state": 5
  },
  "pk": 7,
  "model": "transaction.customeraction"
},
{
  "fields": {
    "name": "\u7533\u8bf7\u9000\u6b3e",
    "description": "\u7533\u8bf7\u9000\u6b3e",
    "order": 4,
    "next_state": 5,
    "current_state": 5
  },
  "pk": 8,
  "model": "transaction.customeraction"
},
{
  "fields": {
    "name": "\u6536\u8d27\u653e\u6b3e",
    "description": "\u6536\u8d27\u653e\u6b3e",
    "order": 1,
    "next_state": 6,
    "current_state": 5
  },
  "pk": 9,
  "model": "transaction.customeraction"
},
{
  "fields": {
    "name": "\u7533\u8bf7\u5ef6\u671f",
    "description": "\u7533\u8bf7\u5ef6\u671f",
    "order": 2,
    "next_state": 5,
    "current_state": 5
  },
  "pk": 14,
  "model": "transaction.customeraction"
},
{
  "fields": {
    "name": "\u8865\u6b3e",
    "description": "\u8865\u6b3e",
    "order": 2,
    "next_state": 2,
    "current_state": 2
  },
  "pk": 15,
  "model": "transaction.customeraction"
},
{
  "fields": {
    "name": "\u5df2\u6536\u8d27",
    "description": "\u6536\u8d27\u653e\u6b3e",
    "order": 1,
    "next_state": 10,
    "current_state": 9
  },
  "pk": 16,
  "model": "transaction.customeraction"
},
{
  "fields": {
    "name": "\u4ea4\u6613\u672a\u5b8c\u6210",
    "description": "\u672a\u6536\u8d27\u6216\u5bf9\u5305\u88f9\u6709\u4e89\u8bae",
    "order": 2,
    "next_state": 9,
    "current_state": 9
  },
  "pk": 17,
  "model": "transaction.customeraction"
},
{
  "fields": {
    "name": "\u4ea4\u6613\u53d6\u6d88",
    "description": "\u4ea4\u6613\u53d6\u6d88",
    "order": 3,
    "next_state": 7,
    "current_state": 9
  },
  "pk": 18,
  "model": "transaction.customeraction"
},
{
  "fields": {
    "name": "\u5f03\u5355",
    "description": "\u4e3b\u52a8\u653e\u5f03\u8ba2\u5355\uff0c\u540c\u610f\u4ee3\u529e\u652f\u914d\u5b9a\u91d1",
    "order": 1,
    "next_state": 7,
    "current_state": 13
  },
  "pk": 20,
  "model": "transaction.customeraction"
},
{
  "fields": {
    "name": "\u5f03\u5355",
    "description": "\u4e3b\u52a8\u653e\u5f03\u8ba2\u5355\uff0c\u540c\u610f\u4ee3\u529e\u652f\u914d\u5b9a\u91d1",
    "order": 1,
    "next_state": 7,
    "current_state": 14
  },
  "pk": 21,
  "model": "transaction.customeraction"
},
{
  "fields": {
    "name": "\u5f03\u5355",
    "description": "\u4e3b\u52a8\u653e\u5f03\u8ba2\u5355\uff0c\u540c\u610f\u4ee3\u529e\u652f\u914d\u5b9a\u91d1",
    "order": 2,
    "next_state": 7,
    "current_state": 15
  },
  "pk": 22,
  "model": "transaction.customeraction"
},
{
  "fields": {
    "name": "\u8865\u6b3e",
    "description": "\u8865\u6b3e",
    "order": 1,
    "next_state": 16,
    "current_state": 15
  },
  "pk": 23,
  "model": "transaction.customeraction"
},
{
  "fields": {
    "name": "\u8865\u6b3e",
    "description": "\u8865\u6b3e",
    "order": 1,
    "next_state": 16,
    "current_state": 16
  },
  "pk": 24,
  "model": "transaction.customeraction"
},
{
  "fields": {
    "name": "\u7533\u8bf7\u9000\u6b3e",
    "description": "\u7533\u8bf7\u9000\u6b3e",
    "order": 2,
    "next_state": 16,
    "current_state": 16
  },
  "pk": 25,
  "model": "transaction.customeraction"
},
{
  "fields": {
    "name": "\u8865\u6b3e",
    "description": "\u8865\u6b3e",
    "order": 3,
    "next_state": 17,
    "current_state": 17
  },
  "pk": 26,
  "model": "transaction.customeraction"
},
{
  "fields": {
    "name": "\u7533\u8bf7\u9000\u6b3e",
    "description": "\u7533\u8bf7\u9000\u6b3e",
    "order": 4,
    "next_state": 17,
    "current_state": 17
  },
  "pk": 27,
  "model": "transaction.customeraction"
},
{
  "fields": {
    "name": "\u6536\u8d27\u653e\u6b3e",
    "description": "\u6536\u8d27\u653e\u6b3e",
    "order": 1,
    "next_state": 18,
    "current_state": 17
  },
  "pk": 28,
  "model": "transaction.customeraction"
},
{
  "fields": {
    "name": "\u7533\u8bf7\u5ef6\u671f",
    "description": "\u7533\u8bf7\u5ef6\u671f",
    "order": 2,
    "next_state": 17,
    "current_state": 17
  },
  "pk": 29,
  "model": "transaction.customeraction"
},
{
  "fields": {
    "name": "\u63a5\u5355",
    "description": "\u63a5\u53d7\u5168\u6b3e\u8fdb\u5165\u91c7\u8d2d",
    "order": 1,
    "next_state": 2,
    "current_state": 1
  },
  "pk": 1,
  "model": "transaction.agentaction"
},
{
  "fields": {
    "name": "\u53d6\u6d88\u8ba2\u5355",
    "description": "\u4e0d\u6263\u5b9a\u91d1\uff0c\u9000\u5168\u6b3e\uff0c\u4ea4\u6613\u53d6\u6d88",
    "order": 2,
    "next_state": 7,
    "current_state": 1
  },
  "pk": 2,
  "model": "transaction.agentaction"
},
{
  "fields": {
    "name": "\u53d1\u8d27",
    "description": "\u53d1\u8d27",
    "order": 1,
    "next_state": 5,
    "current_state": 2
  },
  "pk": 4,
  "model": "transaction.agentaction"
},
{
  "fields": {
    "name": "\u5ef6\u671f",
    "description": "\u5ef6\u671f",
    "order": 1,
    "next_state": 5,
    "current_state": 5
  },
  "pk": 7,
  "model": "transaction.agentaction"
},
{
  "fields": {
    "name": "\u7533\u8bf7\u8865\u6b3e",
    "description": "\u7533\u8bf7\u8865\u8ba2\u5355\u4f59\u6b3e",
    "order": 2,
    "next_state": 5,
    "current_state": 5
  },
  "pk": 8,
  "model": "transaction.agentaction"
},
{
  "fields": {
    "name": "\u90e8\u5206\u9000\u6b3e",
    "description": "\u90e8\u5206\u9000\u6b3e",
    "order": 3,
    "next_state": 5,
    "current_state": 5
  },
  "pk": 9,
  "model": "transaction.agentaction"
},
{
  "fields": {
    "name": "\u8c03\u6574\u8ba2\u5355\u91d1\u989d",
    "description": "\u5bf9\u5df2\u4ed8\u6b3e\u91d1\u989d\u591a\u9000\u5c11\u8865",
    "order": 2,
    "next_state": 2,
    "current_state": 2
  },
  "pk": 17,
  "model": "transaction.agentaction"
},
{
  "fields": {
    "name": "\u66f4\u65b0\u5feb\u9012\u4fe1\u606f",
    "description": "\u66f4\u65b0\u7269\u6d41\u516c\u53f8/\u5feb\u9012\u5355\u53f7",
    "order": 5,
    "next_state": 5,
    "current_state": 5
  },
  "pk": 19,
  "model": "transaction.agentaction"
},
{
  "fields": {
    "name": "\u9000\u5168\u6b3e",
    "description": "\u9000\u5168\u6b3e",
    "order": 4,
    "next_state": 7,
    "current_state": 5
  },
  "pk": 20,
  "model": "transaction.agentaction"
},
{
  "fields": {
    "name": "\u53d6\u6d88\u8ba2\u5355",
    "description": "\u4e0d\u6263\u5b9a\u91d1\uff0c\u9000\u5168\u6b3e\uff0c\u4ea4\u6613\u53d6\u6d88",
    "order": 3,
    "next_state": 7,
    "current_state": 2
  },
  "pk": 21,
  "model": "transaction.agentaction"
},
{
  "fields": {
    "name": "\u6652\u8d27",
    "description": "\u6652\u5b98\u7f51\u5230\u8d27",
    "order": 4,
    "next_state": 2,
    "current_state": 2
  },
  "pk": 22,
  "model": "transaction.agentaction"
},
{
  "fields": {
    "name": "\u63a5\u5355",
    "description": "\u63a5\u53d7\u5b9a\u91d1\u8fdb\u5165\u91c7\u8d2d",
    "order": 1,
    "next_state": 14,
    "current_state": 13
  },
  "pk": 23,
  "model": "transaction.agentaction"
},
{
  "fields": {
    "name": "\u9000\u5b9a\u91d1",
    "description": "\u62d2\u63a5\u6b64\u5355\u5e76\u9000\u8fd8\u5b9a\u91d1\uff0c\u4ea4\u6613\u5c06\u88ab\u53d6\u6d88",
    "order": 2,
    "next_state": 7,
    "current_state": 13
  },
  "pk": 24,
  "model": "transaction.agentaction"
},
{
  "fields": {
    "name": "\u7533\u8bf7\u8865\u6b3e",
    "description": "\u7533\u8bf7\u8865\u8ba2\u5355\u4f59\u6b3e",
    "order": 1,
    "next_state": 15,
    "current_state": 14
  },
  "pk": 25,
  "model": "transaction.agentaction"
},
{
  "fields": {
    "name": "\u9000\u5b9a\u91d1",
    "description": "\u9000\u8fd8\u5b9a\u91d1\uff0c\u4ea4\u6613\u5c06\u88ab\u53d6\u6d88",
    "order": 2,
    "next_state": 7,
    "current_state": 14
  },
  "pk": 26,
  "model": "transaction.agentaction"
},
{
  "fields": {
    "name": "\u7533\u8bf7\u8865\u6b3e",
    "description": "\u7533\u8bf7\u8865\u8ba2\u5355\u4f59\u6b3e",
    "order": 2,
    "next_state": 15,
    "current_state": 15
  },
  "pk": 27,
  "model": "transaction.agentaction"
},
{
  "fields": {
    "name": "\u64a4\u9500\u8865\u6b3e\u7533\u8bf7",
    "description": "\u64a4\u9500\u8865\u6b3e\u7533\u8bf7",
    "order": 1,
    "next_state": 14,
    "current_state": 15
  },
  "pk": 28,
  "model": "transaction.agentaction"
},
{
  "fields": {
    "name": "\u53d1\u8d27",
    "description": "\u53d1\u8d27",
    "order": 1,
    "next_state": 17,
    "current_state": 16
  },
  "pk": 29,
  "model": "transaction.agentaction"
},
{
  "fields": {
    "name": "\u7533\u8bf7\u8865\u6b3e",
    "description": "\u7533\u8bf7\u8865\u8ba2\u5355\u4f59\u6b3e",
    "order": 2,
    "next_state": 16,
    "current_state": 16
  },
  "pk": 30,
  "model": "transaction.agentaction"
},
{
  "fields": {
    "name": "\u90e8\u5206\u9000\u6b3e",
    "description": "\u90e8\u5206\u9000\u6b3e",
    "order": 3,
    "next_state": 16,
    "current_state": 16
  },
  "pk": 31,
  "model": "transaction.agentaction"
},
{
  "fields": {
    "name": "\u9000\u5168\u6b3e",
    "description": "\u7ec8\u6b62\u4ea4\u6613\u5e76\u9000\u5168\u6b3e",
    "order": 4,
    "next_state": 7,
    "current_state": 16
  },
  "pk": 32,
  "model": "transaction.agentaction"
},
{
  "fields": {
    "name": "\u5ef6\u671f",
    "description": "\u5ef6\u671f",
    "order": 1,
    "next_state": 17,
    "current_state": 17
  },
  "pk": 33,
  "model": "transaction.agentaction"
},
{
  "fields": {
    "name": "\u7533\u8bf7\u8865\u6b3e",
    "description": "\u7533\u8bf7\u8865\u8ba2\u5355\u4f59\u6b3e",
    "order": 2,
    "next_state": 17,
    "current_state": 17
  },
  "pk": 34,
  "model": "transaction.agentaction"
},
{
  "fields": {
    "name": "\u90e8\u5206\u9000\u6b3e",
    "description": "\u90e8\u5206\u9000\u6b3e",
    "order": 3,
    "next_state": 17,
    "current_state": 17
  },
  "pk": 35,
  "model": "transaction.agentaction"
},
{
  "fields": {
    "name": "\u66f4\u65b0\u5feb\u9012\u4fe1\u606f",
    "description": "\u66f4\u65b0\u7269\u6d41\u516c\u53f8/\u5feb\u9012\u5355\u53f7",
    "order": 5,
    "next_state": 17,
    "current_state": 17
  },
  "pk": 36,
  "model": "transaction.agentaction"
},
{
  "fields": {
    "name": "\u9000\u5168\u6b3e",
    "description": "\u9000\u5168\u6b3e",
    "order": 4,
    "next_state": 7,
    "current_state": 17
  },
  "pk": 37,
  "model": "transaction.agentaction"
},
{
  "fields": {
    "name": "\u9000\u6b3e\u91d1\u989d",
    "description": "\u9000\u6b3e\u91d1\u989d\uff08\u5143\uff09",
    "order": 1,
    "action": 8
  },
  "pk": 1,
  "model": "transaction.customeractionparameter"
},
{
  "fields": {
    "name": "\u5ef6\u957f\u5929\u6570",
    "description": "\u5ef6\u957f\u5929\u6570\uff081-60\u5929\uff09",
    "order": 1,
    "action": 14
  },
  "pk": 3,
  "model": "transaction.customeractionparameter"
},
{
  "fields": {
    "name": "\u9000\u6b3e\u539f\u56e0",
    "description": "\u9000\u6b3e\u539f\u56e0",
    "order": 2,
    "action": 8
  },
  "pk": 11,
  "model": "transaction.customeractionparameter"
},
{
  "fields": {
    "name": "\u5ef6\u671f\u539f\u56e0",
    "description": "\u5ef6\u671f\u539f\u56e0",
    "order": 2,
    "action": 14
  },
  "pk": 12,
  "model": "transaction.customeractionparameter"
},
{
  "fields": {
    "name": "\u5f03\u5355\u539f\u56e0",
    "description": "\u5f03\u5355\u539f\u56e0",
    "order": 1,
    "action": 1
  },
  "pk": 13,
  "model": "transaction.customeractionparameter"
},
{
  "fields": {
    "name": "\u5f03\u5355\u539f\u56e0",
    "description": "\u5f03\u5355\u539f\u56e0",
    "order": 1,
    "action": 2
  },
  "pk": 14,
  "model": "transaction.customeractionparameter"
},
{
  "fields": {
    "name": "\u8865\u6b3e\u91d1\u989d",
    "description": "\u53ea\u6709\u5728\u8c03\u6574\u8ba2\u5355\u91d1\u989d\u4e3a\u6b63\u6570\u7684\u60c5\u51b5\u4e0b\u51fa\u73b0",
    "order": 1,
    "action": 15
  },
  "pk": 15,
  "model": "transaction.customeractionparameter"
},
{
  "fields": {
    "name": "\u4ea4\u6613\u672a\u5b8c\u6210\u539f\u56e0",
    "description": "\u4ea4\u6613\u672a\u5b8c\u6210\u539f\u56e0",
    "order": 1,
    "action": 17
  },
  "pk": 16,
  "model": "transaction.customeractionparameter"
},
{
  "fields": {
    "name": "\u7269\u6d41\u516c\u53f8",
    "description": "\u7269\u6d41\u516c\u53f8\u7f51\u5740",
    "order": 1,
    "action": 4
  },
  "pk": 4,
  "model": "transaction.agentactionparameter"
},
{
  "fields": {
    "name": "\u8865\u6b3e\u91d1\u989d",
    "description": "\u8865\u6b3e\u91d1\u989d\uff08\u5143\uff09",
    "order": 1,
    "action": 8
  },
  "pk": 7,
  "model": "transaction.agentactionparameter"
},
{
  "fields": {
    "name": "\u9000\u6b3e\u91d1\u989d",
    "description": "\u9000\u6b3e\u91d1\u989d\uff08\u5143\uff09",
    "order": 1,
    "action": 9
  },
  "pk": 8,
  "model": "transaction.agentactionparameter"
},
{
  "fields": {
    "name": "\u5ef6\u957f\u5929\u6570",
    "description": "\u5ef6\u957f\u5929\u6570\uff081-60\u5929\uff09",
    "order": 1,
    "action": 7
  },
  "pk": 9,
  "model": "transaction.agentactionparameter"
},
{
  "fields": {
    "name": "\u5feb\u9012\u5355\u53f7",
    "description": "\u5feb\u9012\u5355\u53f7",
    "order": 2,
    "action": 4
  },
  "pk": 18,
  "model": "transaction.agentactionparameter"
},
{
  "fields": {
    "name": "\u9000\u5355\u539f\u56e0",
    "description": "\u9000\u5355\u539f\u56e0",
    "order": 1,
    "action": 2
  },
  "pk": 22,
  "model": "transaction.agentactionparameter"
},
{
  "fields": {
    "name": "\u8c03\u6574\u603b\u5230\u624b\u4ef7",
    "description": "\u6b63\u6570\u4e3a\u8865\u6b3e\uff0c\u8d1f\u6570\u4e3a\u9000\u6b3e\uff08\u5143\uff09",
    "order": 1,
    "action": 17
  },
  "pk": 24,
  "model": "transaction.agentactionparameter"
},
{
  "fields": {
    "name": "\u8865\u6b3e\u8bf4\u660e",
    "description": "\u8865\u6b3e\u8bf4\u660e",
    "order": 2,
    "action": 8
  },
  "pk": 28,
  "model": "transaction.agentactionparameter"
},
{
  "fields": {
    "name": "\u5ef6\u671f\u539f\u56e0",
    "description": "\u5ef6\u671f\u539f\u56e0",
    "order": 2,
    "action": 7
  },
  "pk": 29,
  "model": "transaction.agentactionparameter"
},
{
  "fields": {
    "name": "\u9000\u6b3e\u539f\u56e0",
    "description": "\u9000\u6b3e\u539f\u56e0",
    "order": 2,
    "action": 9
  },
  "pk": 30,
  "model": "transaction.agentactionparameter"
},
{
  "fields": {
    "name": "\u7269\u6d41\u516c\u53f8",
    "description": "\u7269\u6d41\u516c\u53f8\u7f51\u5740",
    "order": 1,
    "action": 19
  },
  "pk": 33,
  "model": "transaction.agentactionparameter"
},
{
  "fields": {
    "name": "\u5feb\u9012\u5355\u53f7",
    "description": "\u5feb\u9012\u5355\u53f7",
    "order": 2,
    "action": 19
  },
  "pk": 34,
  "model": "transaction.agentactionparameter"
},
{
  "fields": {
    "name": "\u9000\u6b3e\u539f\u56e0",
    "description": "\u9000\u6b3e\u539f\u56e0",
    "order": 1,
    "action": 20
  },
  "pk": 35,
  "model": "transaction.agentactionparameter"
},
{
  "fields": {
    "name": "\u8865\u6b3e\u9000\u6b3e\u8bf4\u660e",
    "description": "\u8865\u6b3e\u9000\u6b3e\u8bf4\u660e",
    "order": 2,
    "action": 17
  },
  "pk": 36,
  "model": "transaction.agentactionparameter"
},
{
  "fields": {
    "name": "\u9000\u5355\u539f\u56e0",
    "description": "\u9000\u5355\u539f\u56e0",
    "order": 1,
    "action": 21
  },
  "pk": 37,
  "model": "transaction.agentactionparameter"
}
]
